HG00096	ftp://ftp.sra.ebi.ac.uk/vol1/fastq/ERR188/ERR188040/ERR188040_1.fastq.gz	ftp://ftp.sra.ebi.ac.uk/vol1/fastq/ERR188/ERR188040/ERR188040_2.fastq.gz	ERS185276	HG00096.1.M_111124_6	GBR	1
HG00097	ftp://ftp.sra.ebi.ac.uk/vol1/fastq/ERR188/ERR188231/ERR188231_1.fastq.gz	ftp://ftp.sra.ebi.ac.uk/vol1/fastq/ERR188/ERR188231/ERR188231_2.fastq.gz	ERS185206	HG00097.7.M_120219_2	GBR	7
HG00099	ftp://ftp.sra.ebi.ac.uk/vol1/fastq/ERR188/ERR188428/ERR188428_1.fastq.gz	ftp://ftp.sra.ebi.ac.uk/vol1/fastq/ERR188/ERR188428/ERR188428_2.fastq.gz	ERS185128	HG00099.5.M_120131_3	GBR	5
HG00100	ftp://ftp.sra.ebi.ac.uk/vol1/fastq/ERR188/ERR188206/ERR188206_1.fastq.gz	ftp://ftp.sra.ebi.ac.uk/vol1/fastq/ERR188/ERR188206/ERR188206_2.fastq.gz	ERS185086	HG00100.2.M_111215_8	GBR	2
HG00101	ftp://ftp.sra.ebi.ac.uk/vol1/fastq/ERR188/ERR188307/ERR188307_1.fastq.gz	ftp://ftp.sra.ebi.ac.uk/vol1/fastq/ERR188/ERR188307/ERR188307_2.fastq.gz	ERS185085	HG00101.1.M_111124_4	GBR	1
HG00102	ftp://ftp.sra.ebi.ac.uk/vol1/fastq/ERR188/ERR188416/ERR188416_1.fastq.gz	ftp://ftp.sra.ebi.ac.uk/vol1/fastq/ERR188/ERR188416/ERR188416_2.fastq.gz	ERS185453	HG00102.3.M_120202_8	GBR	3
HG00103	ftp://ftp.sra.ebi.ac.uk/vol1/fastq/ERR188/ERR188136/ERR188136_1.fastq.gz	ftp://ftp.sra.ebi.ac.uk/vol1/fastq/ERR188/ERR188136/ERR188136_2.fastq.gz	ERS185490	HG00103.4.M_120208_3	GBR	4
HG00104	ftp://ftp.sra.ebi.ac.uk/vol1/fastq/ERR188/ERR188247/ERR188247_1.fastq.gz	ftp://ftp.sra.ebi.ac.uk/vol1/fastq/ERR188/ERR188247/ERR188247_2.fastq.gz	ERS185300	HG00104.1.M_111124_5	GBR	1
HG00105	ftp://ftp.sra.ebi.ac.uk/vol1/fastq/ERR188/ERR188368/ERR188368_1.fastq.gz	ftp://ftp.sra.ebi.ac.uk/vol1/fastq/ERR188/ERR188368/ERR188368_2.fastq.gz	ERS185272	HG00105.3.M_120223_6	GBR	3
HG00106	ftp://ftp.sra.ebi.ac.uk/vol1/fastq/ERR188/ERR188167/ERR188167_1.fastq.gz	ftp://ftp.sra.ebi.ac.uk/vol1/fastq/ERR188/ERR188167/ERR188167_2.fastq.gz	ERS185411	HG00106.4.M_120208_5	GBR	4
HG00108	ftp://ftp.sra.ebi.ac.uk/vol1/fastq/ERR188/ERR188166/ERR188166_1.fastq.gz	ftp://ftp.sra.ebi.ac.uk/vol1/fastq/ERR188/ERR188166/ERR188166_2.fastq.gz	ERS185074	HG00108.7.M_120219_2	GBR	7
HG00109	ftp://ftp.sra.ebi.ac.uk/vol1/fastq/ERR188/ERR188328/ERR188328_1.fastq.gz	ftp://ftp.sra.ebi.ac.uk/vol1/fastq/ERR188/ERR188328/ERR188328_2.fastq.gz	ERS185395	HG00109.3.M_120202_5	GBR	3
HG00110	ftp://ftp.sra.ebi.ac.uk/vol1/fastq/ERR188/ERR188082/ERR188082_1.fastq.gz	ftp://ftp.sra.ebi.ac.uk/vol1/fastq/ERR188/ERR188082/ERR188082_2.fastq.gz	ERS185368	HG00110.2.M_120131_2	GBR	2
HG00111	ftp://ftp.sra.ebi.ac.uk/vol1/fastq/ERR188/ERR188342/ERR188342_1.fastq.gz	ftp://ftp.sra.ebi.ac.uk/vol1/fastq/ERR188/ERR188342/ERR188342_2.fastq.gz	ERS185191	HG00111.2.M_111215_4	GBR	2
HG00112	ftp://ftp.sra.ebi.ac.uk/vol1/fastq/ERR188/ERR188465/ERR188465_1.fastq.gz	ftp://ftp.sra.ebi.ac.uk/vol1/fastq/ERR188/ERR188465/ERR188465_2.fastq.gz	ERS185175	HG00112.6.M_120119_2	GBR	6
HG00114	ftp://ftp.sra.ebi.ac.uk/vol1/fastq/ERR188/ERR188071/ERR188071_1.fastq.gz	ftp://ftp.sra.ebi.ac.uk/vol1/fastq/ERR188/ERR188071/ERR188071_2.fastq.gz	ERS185155	HG00114.6.M_120217_1	GBR	6
HG00115	ftp://ftp.sra.ebi.ac.uk/vol1/fastq/ERR188/ERR188186/ERR188186_1.fastq.gz	ftp://ftp.sra.ebi.ac.uk/vol1/fastq/ERR188/ERR188186/ERR188186_2.fastq.gz	ERS185464	HG00115.6.M_120119_1	GBR	6
HG00116	ftp://ftp.sra.ebi.ac.uk/vol1/fastq/ERR188/ERR188293/ERR188293_1.fastq.gz	ftp://ftp.sra.ebi.ac.uk/vol1/fastq/ERR188/ERR188293/ERR188293_2.fastq.gz	ERS185035	HG00116.2.M_120131_1	GBR	2
HG00117	ftp://ftp.sra.ebi.ac.uk/vol1/fastq/ERR188/ERR188219/ERR188219_1.fastq.gz	ftp://ftp.sra.ebi.ac.uk/vol1/fastq/ERR188/ERR188219/ERR188219_2.fastq.gz	ERS185322	HG00117.1.M_111124_2	GBR	1
HG00118	ftp://ftp.sra.ebi.ac.uk/vol1/fastq/ERR188/ERR188236/ERR188236_1.fastq.gz	ftp://ftp.sra.ebi.ac.uk/vol1/fastq/ERR188/ERR188236/ERR188236_2.fastq.gz	ERS185083	HG00118.4.M_120208_5	GBR	4
HG00119	ftp://ftp.sra.ebi.ac.uk/vol1/fastq/ERR188/ERR188119/ERR188119_1.fastq.gz	ftp://ftp.sra.ebi.ac.uk/vol1/fastq/ERR188/ERR188119/ERR188119_2.fastq.gz	ERS185402	HG00119.2.M_111216_6	GBR	2
HG00120	ftp://ftp.sra.ebi.ac.uk/vol1/fastq/ERR188/ERR188315/ERR188315_1.fastq.gz	ftp://ftp.sra.ebi.ac.uk/vol1/fastq/ERR188/ERR188315/ERR188315_2.fastq.gz	ERS185405	HG00120.3.M_120202_2	GBR	3
HG00121	ftp://ftp.sra.ebi.ac.uk/vol1/fastq/ERR188/ERR188087/ERR188087_1.fastq.gz	ftp://ftp.sra.ebi.ac.uk/vol1/fastq/ERR188/ERR188087/ERR188087_2.fastq.gz	ERS185241	HG00121.1.M_111124_7	GBR	1
HG00122	ftp://ftp.sra.ebi.ac.uk/vol1/fastq/ERR188/ERR188285/ERR188285_1.fastq.gz	ftp://ftp.sra.ebi.ac.uk/vol1/fastq/ERR188/ERR188285/ERR188285_2.fastq.gz	ERS185162	HG00122.6.M_120119_1	GBR	6
HG00123	ftp://ftp.sra.ebi.ac.uk/vol1/fastq/ERR188/ERR188035/ERR188035_1.fastq.gz	ftp://ftp.sra.ebi.ac.uk/vol1/fastq/ERR188/ERR188035/ERR188035_2.fastq.gz	ERS185352	HG00123.4.M_120208_7	GBR	4
HG00124	ftp://ftp.sra.ebi.ac.uk/vol1/fastq/ERR188/ERR188310/ERR188310_1.fastq.gz	ftp://ftp.sra.ebi.ac.uk/vol1/fastq/ERR188/ERR188310/ERR188310_2.fastq.gz	ERS185232	HG00124.3.M_120223_7	GBR	3
HG00125	ftp://ftp.sra.ebi.ac.uk/vol1/fastq/ERR188/ERR188059/ERR188059_1.fastq.gz	ftp://ftp.sra.ebi.ac.uk/vol1/fastq/ERR188/ERR188059/ERR188059_2.fastq.gz	ERS185099	HG00125.1.M_111124_6	GBR	1
HG00126	ftp://ftp.sra.ebi.ac.uk/vol1/fastq/ERR188/ERR188461/ERR188461_1.fastq.gz	ftp://ftp.sra.ebi.ac.uk/vol1/fastq/ERR188/ERR188461/ERR188461_2.fastq.gz	ERS185403	HG00126.1.M_111124_8	GBR	1
HG00127	ftp://ftp.sra.ebi.ac.uk/vol1/fastq/ERR188/ERR188337/ERR188337_1.fastq.gz	ftp://ftp.sra.ebi.ac.uk/vol1/fastq/ERR188/ERR188337/ERR188337_2.fastq.gz	ERS185094	HG00127.1.M_111124_2	GBR	1
HG00128	ftp://ftp.sra.ebi.ac.uk/vol1/fastq/ERR188/ERR188245/ERR188245_1.fastq.gz	ftp://ftp.sra.ebi.ac.uk/vol1/fastq/ERR188/ERR188245/ERR188245_2.fastq.gz	ERS185471	HG00128.1.M_111124_6	GBR	1
HG00129	ftp://ftp.sra.ebi.ac.uk/vol1/fastq/ERR188/ERR188412/ERR188412_1.fastq.gz	ftp://ftp.sra.ebi.ac.uk/vol1/fastq/ERR188/ERR188412/ERR188412_2.fastq.gz	ERS185235	HG00129.4.M_120208_8	GBR	4
HG00130	ftp://ftp.sra.ebi.ac.uk/vol1/fastq/ERR188/ERR188443/ERR188443_1.fastq.gz	ftp://ftp.sra.ebi.ac.uk/vol1/fastq/ERR188/ERR188443/ERR188443_2.fastq.gz	ERS185469	HG00130.5.M_120131_7	GBR	5
HG00131	ftp://ftp.sra.ebi.ac.uk/vol1/fastq/ERR188/ERR188403/ERR188403_1.fastq.gz	ftp://ftp.sra.ebi.ac.uk/vol1/fastq/ERR188/ERR188403/ERR188403_2.fastq.gz	ERS185429	HG00131.2.M_111215_5	GBR	2
HG00132	ftp://ftp.sra.ebi.ac.uk/vol1/fastq/ERR188/ERR188430/ERR188430_1.fastq.gz	ftp://ftp.sra.ebi.ac.uk/vol1/fastq/ERR188/ERR188430/ERR188430_2.fastq.gz	ERS185425	HG00132.2.M_111215_4	GBR	2
HG00133	ftp://ftp.sra.ebi.ac.uk/vol1/fastq/ERR188/ERR188189/ERR188189_1.fastq.gz	ftp://ftp.sra.ebi.ac.uk/vol1/fastq/ERR188/ERR188189/ERR188189_2.fastq.gz	ERS185115	HG00133.2.M_111216_2	GBR	2
HG00134	ftp://ftp.sra.ebi.ac.uk/vol1/fastq/ERR188/ERR188338/ERR188338_1.fastq.gz	ftp://ftp.sra.ebi.ac.uk/vol1/fastq/ERR188/ERR188338/ERR188338_2.fastq.gz	ERS185273	HG00134.6.M_120119_6	GBR	6
HG00135	ftp://ftp.sra.ebi.ac.uk/vol1/fastq/ERR188/ERR188133/ERR188133_1.fastq.gz	ftp://ftp.sra.ebi.ac.uk/vol1/fastq/ERR188/ERR188133/ERR188133_2.fastq.gz	ERS185033	HG00135.3.M_120202_8	GBR	3
HG00136	ftp://ftp.sra.ebi.ac.uk/vol1/fastq/ERR188/ERR188383/ERR188383_1.fastq.gz	ftp://ftp.sra.ebi.ac.uk/vol1/fastq/ERR188/ERR188383/ERR188383_2.fastq.gz	ERS185448	HG00136.4.M_120208_7	GBR	4
HG00137	ftp://ftp.sra.ebi.ac.uk/vol1/fastq/ERR188/ERR188095/ERR188095_1.fastq.gz	ftp://ftp.sra.ebi.ac.uk/vol1/fastq/ERR188/ERR188095/ERR188095_2.fastq.gz	ERS185374	HG00137.6.M_120217_1	GBR	6
HG00138	ftp://ftp.sra.ebi.ac.uk/vol1/fastq/ERR188/ERR188385/ERR188385_1.fastq.gz	ftp://ftp.sra.ebi.ac.uk/vol1/fastq/ERR188/ERR188385/ERR188385_2.fastq.gz	ERS185179	HG00138.5.M_120131_5	GBR	5
HG00139	ftp://ftp.sra.ebi.ac.uk/vol1/fastq/ERR188/ERR188144/ERR188144_1.fastq.gz	ftp://ftp.sra.ebi.ac.uk/vol1/fastq/ERR188/ERR188144/ERR188144_2.fastq.gz	ERS185358	HG00139.7.M_120219_1	GBR	7
HG00141	ftp://ftp.sra.ebi.ac.uk/vol1/fastq/ERR188/ERR188401/ERR188401_1.fastq.gz	ftp://ftp.sra.ebi.ac.uk/vol1/fastq/ERR188/ERR188401/ERR188401_2.fastq.gz	ERS185234	HG00141.5.M_120131_3	GBR	5
HG00142	ftp://ftp.sra.ebi.ac.uk/vol1/fastq/ERR188/ERR188466/ERR188466_1.fastq.gz	ftp://ftp.sra.ebi.ac.uk/vol1/fastq/ERR188/ERR188466/ERR188466_2.fastq.gz	ERS185174	HG00142.4.M_120208_6	GBR	4
HG00143	ftp://ftp.sra.ebi.ac.uk/vol1/fastq/ERR188/ERR188257/ERR188257_1.fastq.gz	ftp://ftp.sra.ebi.ac.uk/vol1/fastq/ERR188/ERR188257/ERR188257_2.fastq.gz	ERS185423	HG00143.7.M_120219_2	GBR	7
HG00145	ftp://ftp.sra.ebi.ac.uk/vol1/fastq/ERR188/ERR188073/ERR188073_1.fastq.gz	ftp://ftp.sra.ebi.ac.uk/vol1/fastq/ERR188/ERR188073/ERR188073_2.fastq.gz	ERS185111	HG00145.6.M_120119_1	GBR	6
HG00146	ftp://ftp.sra.ebi.ac.uk/vol1/fastq/ERR188/ERR188455/ERR188455_1.fastq.gz	ftp://ftp.sra.ebi.ac.uk/vol1/fastq/ERR188/ERR188455/ERR188455_2.fastq.gz	ERS185338	HG00146.2.M_111216_1	GBR	2
HG00148	ftp://ftp.sra.ebi.ac.uk/vol1/fastq/ERR188/ERR188379/ERR188379_1.fastq.gz	ftp://ftp.sra.ebi.ac.uk/vol1/fastq/ERR188/ERR188379/ERR188379_2.fastq.gz	ERS185257	HG00148.3.M_120202_6	GBR	3
HG00149	ftp://ftp.sra.ebi.ac.uk/vol1/fastq/ERR188/ERR188065/ERR188065_1.fastq.gz	ftp://ftp.sra.ebi.ac.uk/vol1/fastq/ERR188/ERR188065/ERR188065_2.fastq.gz	ERS185333	HG00149.1.M_111124_6	GBR	1
HG00150	ftp://ftp.sra.ebi.ac.uk/vol1/fastq/ERR188/ERR188309/ERR188309_1.fastq.gz	ftp://ftp.sra.ebi.ac.uk/vol1/fastq/ERR188/ERR188309/ERR188309_2.fastq.gz	ERS185070	HG00150.4.M_120208_7	GBR	4
HG00151	ftp://ftp.sra.ebi.ac.uk/vol1/fastq/ERR188/ERR188116/ERR188116_1.fastq.gz	ftp://ftp.sra.ebi.ac.uk/vol1/fastq/ERR188/ERR188116/ERR188116_2.fastq.gz	ERS185251	HG00151.3.M_120202_4	GBR	3
HG00152	ftp://ftp.sra.ebi.ac.uk/vol1/fastq/ERR188/ERR188084/ERR188084_1.fastq.gz	ftp://ftp.sra.ebi.ac.uk/vol1/fastq/ERR188/ERR188084/ERR188084_2.fastq.gz	ERS185312	HG00152.7.M_120219_3	GBR	7
HG00154	ftp://ftp.sra.ebi.ac.uk/vol1/fastq/ERR188/ERR188468/ERR188468_1.fastq.gz	ftp://ftp.sra.ebi.ac.uk/vol1/fastq/ERR188/ERR188468/ERR188468_2.fastq.gz	ERS185376	HG00154.5.M_120131_7	GBR	5
HG00155	ftp://ftp.sra.ebi.ac.uk/vol1/fastq/ERR188/ERR188028/ERR188028_1.fastq.gz	ftp://ftp.sra.ebi.ac.uk/vol1/fastq/ERR188/ERR188028/ERR188028_2.fastq.gz	ERS185215	HG00155.1.M_111124_2	GBR	1
HG00156	ftp://ftp.sra.ebi.ac.uk/vol1/fastq/ERR188/ERR188287/ERR188287_1.fastq.gz	ftp://ftp.sra.ebi.ac.uk/vol1/fastq/ERR188/ERR188287/ERR188287_2.fastq.gz	ERS185243	HG00156.4.M_120208_1	GBR	4
HG00157	ftp://ftp.sra.ebi.ac.uk/vol1/fastq/ERR188/ERR188041/ERR188041_1.fastq.gz	ftp://ftp.sra.ebi.ac.uk/vol1/fastq/ERR188/ERR188041/ERR188041_2.fastq.gz	ERS185091	HG00157.5.M_120131_3	GBR	5
HG00158	ftp://ftp.sra.ebi.ac.uk/vol1/fastq/ERR188/ERR188332/ERR188332_1.fastq.gz	ftp://ftp.sra.ebi.ac.uk/vol1/fastq/ERR188/ERR188332/ERR188332_2.fastq.gz	ERS185090	HG00158.1.M_111124_8	GBR	1
HG00159	ftp://ftp.sra.ebi.ac.uk/vol1/fastq/ERR188/ERR188164/ERR188164_1.fastq.gz	ftp://ftp.sra.ebi.ac.uk/vol1/fastq/ERR188/ERR188164/ERR188164_2.fastq.gz	ERS185283	HG00159.7.M_120219_6	GBR	7
HG00160	ftp://ftp.sra.ebi.ac.uk/vol1/fastq/ERR188/ERR188387/ERR188387_1.fastq.gz	ftp://ftp.sra.ebi.ac.uk/vol1/fastq/ERR188/ERR188387/ERR188387_2.fastq.gz	ERS185282	HG00160.3.M_120202_1	GBR	3
HG00171	ftp://ftp.sra.ebi.ac.uk/vol1/fastq/ERR188/ERR188190/ERR188190_1.fastq.gz	ftp://ftp.sra.ebi.ac.uk/vol1/fastq/ERR188/ERR188190/ERR188190_2.fastq.gz	ERS185245	HG00171.3.M_120202_2	FIN	3
HG00173	ftp://ftp.sra.ebi.ac.uk/vol1/fastq/ERR188/ERR188445/ERR188445_1.fastq.gz	ftp://ftp.sra.ebi.ac.uk/vol1/fastq/ERR188/ERR188445/ERR188445_2.fastq.gz	ERS185225	HG00173.3.M_120202_1	FIN	3
HG00174	ftp://ftp.sra.ebi.ac.uk/vol1/fastq/ERR188/ERR188163/ERR188163_1.fastq.gz	ftp://ftp.sra.ebi.ac.uk/vol1/fastq/ERR188/ERR188163/ERR188163_2.fastq.gz	ERS185491	HG00174.4.M_120208_3	FIN	4
HG00176	ftp://ftp.sra.ebi.ac.uk/vol1/fastq/ERR188/ERR188187/ERR188187_1.fastq.gz	ftp://ftp.sra.ebi.ac.uk/vol1/fastq/ERR188/ERR188187/ERR188187_2.fastq.gz	ERS185299	HG00176.4.M_120208_2	FIN	4
HG00177	ftp://ftp.sra.ebi.ac.uk/vol1/fastq/ERR188/ERR188180/ERR188180_1.fastq.gz	ftp://ftp.sra.ebi.ac.uk/vol1/fastq/ERR188/ERR188180/ERR188180_2.fastq.gz	ERS185418	HG00177.4.M_120208_8	FIN	4
HG00178	ftp://ftp.sra.ebi.ac.uk/vol1/fastq/ERR188/ERR188248/ERR188248_1.fastq.gz	ftp://ftp.sra.ebi.ac.uk/vol1/fastq/ERR188/ERR188248/ERR188248_2.fastq.gz	ERS185089	HG00178.4.M_120208_8	FIN	4
HG00179	ftp://ftp.sra.ebi.ac.uk/vol1/fastq/ERR188/ERR188304/ERR188304_1.fastq.gz	ftp://ftp.sra.ebi.ac.uk/vol1/fastq/ERR188/ERR188304/ERR188304_2.fastq.gz	ERS185398	HG00179.1.M_111124_8	FIN	1
HG00180	ftp://ftp.sra.ebi.ac.uk/vol1/fastq/ERR188/ERR188146/ERR188146_1.fastq.gz	ftp://ftp.sra.ebi.ac.uk/vol1/fastq/ERR188/ERR188146/ERR188146_2.fastq.gz	ERS185065	HG00180.1.M_111124_8	FIN	1
HG00181	ftp://ftp.sra.ebi.ac.uk/vol1/fastq/ERR188/ERR188118/ERR188118_1.fastq.gz	ftp://ftp.sra.ebi.ac.uk/vol1/fastq/ERR188/ERR188118/ERR188118_2.fastq.gz	ERS185173	HG00181.4.M_120208_4	FIN	4
HG00182	ftp://ftp.sra.ebi.ac.uk/vol1/fastq/ERR188/ERR188149/ERR188149_1.fastq.gz	ftp://ftp.sra.ebi.ac.uk/vol1/fastq/ERR188/ERR188149/ERR188149_2.fastq.gz	ERS185135	HG00182.1.M_111124_4	FIN	1
HG00183	ftp://ftp.sra.ebi.ac.uk/vol1/fastq/ERR188/ERR188302/ERR188302_1.fastq.gz	ftp://ftp.sra.ebi.ac.uk/vol1/fastq/ERR188/ERR188302/ERR188302_2.fastq.gz	ERS185277	HG00183.5.M_120131_5	FIN	5
HG00185	ftp://ftp.sra.ebi.ac.uk/vol1/fastq/ERR188/ERR188320/ERR188320_1.fastq.gz	ftp://ftp.sra.ebi.ac.uk/vol1/fastq/ERR188/ERR188320/ERR188320_2.fastq.gz	ERS185209	HG00185.1.M_111124_5	FIN	1
HG00186	ftp://ftp.sra.ebi.ac.uk/vol1/fastq/ERR188/ERR188090/ERR188090_1.fastq.gz	ftp://ftp.sra.ebi.ac.uk/vol1/fastq/ERR188/ERR188090/ERR188090_2.fastq.gz	ERS185315	HG00186.3.M_120202_5	FIN	3
HG00187	ftp://ftp.sra.ebi.ac.uk/vol1/fastq/ERR188/ERR188425/ERR188425_1.fastq.gz	ftp://ftp.sra.ebi.ac.uk/vol1/fastq/ERR188/ERR188425/ERR188425_2.fastq.gz	ERS185355	HG00187.1.M_120209_2	FIN	1
HG00188	ftp://ftp.sra.ebi.ac.uk/vol1/fastq/ERR188/ERR188400/ERR188400_1.fastq.gz	ftp://ftp.sra.ebi.ac.uk/vol1/fastq/ERR188/ERR188400/ERR188400_2.fastq.gz	ERS185201	HG00188.1.M_111124_3	FIN	1
HG00189	ftp://ftp.sra.ebi.ac.uk/vol1/fastq/ERR188/ERR188361/ERR188361_1.fastq.gz	ftp://ftp.sra.ebi.ac.uk/vol1/fastq/ERR188/ERR188361/ERR188361_2.fastq.gz	ERS185079	HG00189.1.M_111124_5	FIN	1
HG00231	ftp://ftp.sra.ebi.ac.uk/vol1/fastq/ERR188/ERR188212/ERR188212_1.fastq.gz	ftp://ftp.sra.ebi.ac.uk/vol1/fastq/ERR188/ERR188212/ERR188212_2.fastq.gz	ERS185286	HG00231.2.M_111216_2	GBR	2
HG00232	ftp://ftp.sra.ebi.ac.uk/vol1/fastq/ERR188/ERR188289/ERR188289_1.fastq.gz	ftp://ftp.sra.ebi.ac.uk/vol1/fastq/ERR188/ERR188289/ERR188289_2.fastq.gz	ERS185351	HG00232.7.M_120219_3	GBR	7
HG00233	ftp://ftp.sra.ebi.ac.uk/vol1/fastq/ERR188/ERR188312/ERR188312_1.fastq.gz	ftp://ftp.sra.ebi.ac.uk/vol1/fastq/ERR188/ERR188312/ERR188312_2.fastq.gz	ERS185350	HG00233.2.M_111215_8	GBR	2
HG00234	ftp://ftp.sra.ebi.ac.uk/vol1/fastq/ERR188/ERR188237/ERR188237_1.fastq.gz	ftp://ftp.sra.ebi.ac.uk/vol1/fastq/ERR188/ERR188237/ERR188237_2.fastq.gz	ERS185334	HG00234.7.M_120219_4	GBR	7
HG00235	ftp://ftp.sra.ebi.ac.uk/vol1/fastq/ERR188/ERR188450/ERR188450_1.fastq.gz	ftp://ftp.sra.ebi.ac.uk/vol1/fastq/ERR188/ERR188450/ERR188450_2.fastq.gz	ERS185279	HG00235.1.M_111124_1	GBR	1
HG00236	ftp://ftp.sra.ebi.ac.uk/vol1/fastq/ERR188/ERR188036/ERR188036_1.fastq.gz	ftp://ftp.sra.ebi.ac.uk/vol1/fastq/ERR188/ERR188036/ERR188036_2.fastq.gz	ERS185237	HG00236.5.M_120131_5	GBR	5
HG00238	ftp://ftp.sra.ebi.ac.uk/vol1/fastq/ERR188/ERR188333/ERR188333_1.fastq.gz	ftp://ftp.sra.ebi.ac.uk/vol1/fastq/ERR188/ERR188333/ERR188333_2.fastq.gz	ERS185034	HG00238.5.M_120131_5	GBR	5
HG00239	ftp://ftp.sra.ebi.ac.uk/vol1/fastq/ERR188/ERR188112/ERR188112_1.fastq.gz	ftp://ftp.sra.ebi.ac.uk/vol1/fastq/ERR188/ERR188112/ERR188112_2.fastq.gz	ERS185379	HG00239.7.M_120219_4	GBR	7
HG00240	ftp://ftp.sra.ebi.ac.uk/vol1/fastq/ERR188/ERR188370/ERR188370_1.fastq.gz	ftp://ftp.sra.ebi.ac.uk/vol1/fastq/ERR188/ERR188370/ERR188370_2.fastq.gz	ERS185105	HG00240.2.M_111215_5	GBR	2
HG00242	ftp://ftp.sra.ebi.ac.uk/vol1/fastq/ERR188/ERR188053/ERR188053_1.fastq.gz	ftp://ftp.sra.ebi.ac.uk/vol1/fastq/ERR188/ERR188053/ERR188053_2.fastq.gz	ERS185337	HG00242.3.M_120202_7	GBR	3
HG00243	ftp://ftp.sra.ebi.ac.uk/vol1/fastq/ERR188/ERR188411/ERR188411_1.fastq.gz	ftp://ftp.sra.ebi.ac.uk/vol1/fastq/ERR188/ERR188411/ERR188411_2.fastq.gz	ERS185501	HG00243.4.M_120208_2	GBR	4
HG00244	ftp://ftp.sra.ebi.ac.uk/vol1/fastq/ERR188/ERR188448/ERR188448_1.fastq.gz	ftp://ftp.sra.ebi.ac.uk/vol1/fastq/ERR188/ERR188448/ERR188448_2.fastq.gz	ERS185335	HG00244.5.M_120131_7	GBR	5
HG00245	ftp://ftp.sra.ebi.ac.uk/vol1/fastq/ERR188/ERR188159/ERR188159_1.fastq.gz	ftp://ftp.sra.ebi.ac.uk/vol1/fastq/ERR188/ERR188159/ERR188159_2.fastq.gz	ERS185364	HG00245.4.M_120208_6	GBR	4
HG00246	ftp://ftp.sra.ebi.ac.uk/vol1/fastq/ERR188/ERR188271/ERR188271_1.fastq.gz	ftp://ftp.sra.ebi.ac.uk/vol1/fastq/ERR188/ERR188271/ERR188271_2.fastq.gz	ERS185192	HG00246.7.M_120219_4	GBR	7
HG00247	ftp://ftp.sra.ebi.ac.uk/vol1/fastq/ERR188/ERR188106/ERR188106_1.fastq.gz	ftp://ftp.sra.ebi.ac.uk/vol1/fastq/ERR188/ERR188106/ERR188106_2.fastq.gz	ERS185114	HG00247.3.M_120202_1	GBR	3
HG00249	ftp://ftp.sra.ebi.ac.uk/vol1/fastq/ERR188/ERR188456/ERR188456_1.fastq.gz	ftp://ftp.sra.ebi.ac.uk/vol1/fastq/ERR188/ERR188456/ERR188456_2.fastq.gz	ERS185410	HG00249.3.M_120202_4	GBR	3
HG00250	ftp://ftp.sra.ebi.ac.uk/vol1/fastq/ERR188/ERR188080/ERR188080_1.fastq.gz	ftp://ftp.sra.ebi.ac.uk/vol1/fastq/ERR188/ERR188080/ERR188080_2.fastq.gz	ERS185185	HG00250.1.M_111124_4	GBR	1
HG00251	ftp://ftp.sra.ebi.ac.uk/vol1/fastq/ERR188/ERR188154/ERR188154_1.fastq.gz	ftp://ftp.sra.ebi.ac.uk/vol1/fastq/ERR188/ERR188154/ERR188154_2.fastq.gz	ERS185361	HG00251.2.M_111216_8	GBR	2
HG00252	ftp://ftp.sra.ebi.ac.uk/vol1/fastq/ERR188/ERR188464/ERR188464_1.fastq.gz	ftp://ftp.sra.ebi.ac.uk/vol1/fastq/ERR188/ERR188464/ERR188464_2.fastq.gz	ERS185473	HG00252.1.M_111124_5	GBR	1
HG00253	ftp://ftp.sra.ebi.ac.uk/vol1/fastq/ERR188/ERR188351/ERR188351_1.fastq.gz	ftp://ftp.sra.ebi.ac.uk/vol1/fastq/ERR188/ERR188351/ERR188351_2.fastq.gz	ERS185372	HG00253.5.M_120131_7	GBR	5
HG00255	ftp://ftp.sra.ebi.ac.uk/vol1/fastq/ERR188/ERR188111/ERR188111_1.fastq.gz	ftp://ftp.sra.ebi.ac.uk/vol1/fastq/ERR188/ERR188111/ERR188111_2.fastq.gz	ERS185046	HG00255.2.M_111216_1	GBR	2
HG00256	ftp://ftp.sra.ebi.ac.uk/vol1/fastq/ERR188/ERR188091/ERR188091_1.fastq.gz	ftp://ftp.sra.ebi.ac.uk/vol1/fastq/ERR188/ERR188091/ERR188091_2.fastq.gz	ERS185256	HG00256.2.M_111215_7	GBR	2
HG00257	ftp://ftp.sra.ebi.ac.uk/vol1/fastq/ERR188/ERR188323/ERR188323_1.fastq.gz	ftp://ftp.sra.ebi.ac.uk/vol1/fastq/ERR188/ERR188323/ERR188323_2.fastq.gz	ERS185472	HG00257.4.M_120208_5	GBR	4
HG00258	ftp://ftp.sra.ebi.ac.uk/vol1/fastq/ERR188/ERR188242/ERR188242_1.fastq.gz	ftp://ftp.sra.ebi.ac.uk/vol1/fastq/ERR188/ERR188242/ERR188242_2.fastq.gz	ERS185466	HG00258.1.M_111124_6	GBR	1
HG00259	ftp://ftp.sra.ebi.ac.uk/vol1/fastq/ERR188/ERR188378/ERR188378_1.fastq.gz	ftp://ftp.sra.ebi.ac.uk/vol1/fastq/ERR188/ERR188378/ERR188378_2.fastq.gz	ERS185384	HG00259.5.M_120131_3	GBR	5
HG00260	ftp://ftp.sra.ebi.ac.uk/vol1/fastq/ERR188/ERR188185/ERR188185_1.fastq.gz	ftp://ftp.sra.ebi.ac.uk/vol1/fastq/ERR188/ERR188185/ERR188185_2.fastq.gz	ERS185151	HG00260.5.M_120131_7	GBR	5
HG00261	ftp://ftp.sra.ebi.ac.uk/vol1/fastq/ERR188/ERR188130/ERR188130_1.fastq.gz	ftp://ftp.sra.ebi.ac.uk/vol1/fastq/ERR188/ERR188130/ERR188130_2.fastq.gz	ERS185182	HG00261.6.M_120119_2	GBR	6
HG00262	ftp://ftp.sra.ebi.ac.uk/vol1/fastq/ERR188/ERR188057/ERR188057_1.fastq.gz	ftp://ftp.sra.ebi.ac.uk/vol1/fastq/ERR188/ERR188057/ERR188057_2.fastq.gz	ERS185456	HG00262.2.M_111215_8	GBR	2
HG00263	ftp://ftp.sra.ebi.ac.uk/vol1/fastq/ERR188/ERR188070/ERR188070_1.fastq.gz	ftp://ftp.sra.ebi.ac.uk/vol1/fastq/ERR188/ERR188070/ERR188070_2.fastq.gz	ERS185363	HG00263.6.M_120119_3	GBR	6
HG00264	ftp://ftp.sra.ebi.ac.uk/vol1/fastq/ERR188/ERR188366/ERR188366_1.fastq.gz	ftp://ftp.sra.ebi.ac.uk/vol1/fastq/ERR188/ERR188366/ERR188366_2.fastq.gz	ERS185271	HG00264.6.M_120119_5	GBR	6
HG00265	ftp://ftp.sra.ebi.ac.uk/vol1/fastq/ERR188/ERR188222/ERR188222_1.fastq.gz	ftp://ftp.sra.ebi.ac.uk/vol1/fastq/ERR188/ERR188222/ERR188222_2.fastq.gz	ERS185269	HG00265.2.M_111215_4	GBR	2
HG00266	ftp://ftp.sra.ebi.ac.uk/vol1/fastq/ERR188/ERR188267/ERR188267_1.fastq.gz	ftp://ftp.sra.ebi.ac.uk/vol1/fastq/ERR188/ERR188267/ERR188267_2.fastq.gz	ERS185177	HG00266.6.M_120119_3	FIN	6
HG00267	ftp://ftp.sra.ebi.ac.uk/vol1/fastq/ERR188/ERR188355/ERR188355_1.fastq.gz	ftp://ftp.sra.ebi.ac.uk/vol1/fastq/ERR188/ERR188355/ERR188355_2.fastq.gz	ERS185270	HG00267.4.M_120208_6	FIN	4
HG00268	ftp://ftp.sra.ebi.ac.uk/vol1/fastq/ERR188/ERR188117/ERR188117_1.fastq.gz	ftp://ftp.sra.ebi.ac.uk/vol1/fastq/ERR188/ERR188117/ERR188117_2.fastq.gz	ERS185078	HG00268.5.M_120131_3	FIN	5
HG00269	ftp://ftp.sra.ebi.ac.uk/vol1/fastq/ERR188/ERR188238/ERR188238_1.fastq.gz	ftp://ftp.sra.ebi.ac.uk/vol1/fastq/ERR188/ERR188238/ERR188238_2.fastq.gz	ERS185106	HG00269.2.M_111216_7	FIN	2
HG00271	ftp://ftp.sra.ebi.ac.uk/vol1/fastq/ERR188/ERR188397/ERR188397_1.fastq.gz	ftp://ftp.sra.ebi.ac.uk/vol1/fastq/ERR188/ERR188397/ERR188397_2.fastq.gz	ERS185394	HG00271.2.M_111215_7	FIN	2
HG00272	ftp://ftp.sra.ebi.ac.uk/vol1/fastq/ERR188/ERR188250/ERR188250_1.fastq.gz	ftp://ftp.sra.ebi.ac.uk/vol1/fastq/ERR188/ERR188250/ERR188250_2.fastq.gz	ERS185417	HG00272.7.M_120219_7	FIN	7
HG00273	ftp://ftp.sra.ebi.ac.uk/vol1/fastq/ERR188/ERR188034/ERR188034_1.fastq.gz	ftp://ftp.sra.ebi.ac.uk/vol1/fastq/ERR188/ERR188034/ERR188034_2.fastq.gz	ERS185458	HG00273.3.M_120202_7	FIN	3
HG00274	ftp://ftp.sra.ebi.ac.uk/vol1/fastq/ERR188/ERR188264/ERR188264_1.fastq.gz	ftp://ftp.sra.ebi.ac.uk/vol1/fastq/ERR188/ERR188264/ERR188264_2.fastq.gz	ERS185122	HG00274.6.M_120119_1	FIN	6
HG00275	ftp://ftp.sra.ebi.ac.uk/vol1/fastq/ERR188/ERR188326/ERR188326_1.fastq.gz	ftp://ftp.sra.ebi.ac.uk/vol1/fastq/ERR188/ERR188326/ERR188326_2.fastq.gz	ERS185467	HG00275.4.M_120208_8	FIN	4
HG00276	ftp://ftp.sra.ebi.ac.uk/vol1/fastq/ERR188/ERR188318/ERR188318_1.fastq.gz	ftp://ftp.sra.ebi.ac.uk/vol1/fastq/ERR188/ERR188318/ERR188318_2.fastq.gz	ERS185360	HG00276.2.M_111215_8	FIN	2
HG00277	ftp://ftp.sra.ebi.ac.uk/vol1/fastq/ERR188/ERR188274/ERR188274_1.fastq.gz	ftp://ftp.sra.ebi.ac.uk/vol1/fastq/ERR188/ERR188274/ERR188274_2.fastq.gz	ERS185158	HG00277.3.M_120202_6	FIN	3
HG00278	ftp://ftp.sra.ebi.ac.uk/vol1/fastq/ERR188/ERR188230/ERR188230_1.fastq.gz	ftp://ftp.sra.ebi.ac.uk/vol1/fastq/ERR188/ERR188230/ERR188230_2.fastq.gz	ERS185328	HG00278.1.M_111124_5	FIN	1
HG00280	ftp://ftp.sra.ebi.ac.uk/vol1/fastq/ERR188/ERR188457/ERR188457_1.fastq.gz	ftp://ftp.sra.ebi.ac.uk/vol1/fastq/ERR188/ERR188457/ERR188457_2.fastq.gz	ERS185196	HG00280.1.M_111124_6	FIN	1
HG00281	ftp://ftp.sra.ebi.ac.uk/vol1/fastq/ERR188/ERR188263/ERR188263_1.fastq.gz	ftp://ftp.sra.ebi.ac.uk/vol1/fastq/ERR188/ERR188263/ERR188263_2.fastq.gz	ERS185157	HG00281.1.M_111124_3	FIN	1
HG00282	ftp://ftp.sra.ebi.ac.uk/vol1/fastq/ERR188/ERR188266/ERR188266_1.fastq.gz	ftp://ftp.sra.ebi.ac.uk/vol1/fastq/ERR188/ERR188266/ERR188266_2.fastq.gz	ERS185250	HG00282.2.M_111216_6	FIN	2
HG00284	ftp://ftp.sra.ebi.ac.uk/vol1/fastq/ERR188/ERR188194/ERR188194_1.fastq.gz	ftp://ftp.sra.ebi.ac.uk/vol1/fastq/ERR188/ERR188194/ERR188194_2.fastq.gz	ERS185163	HG00284.1.M_111124_6	FIN	1
HG00285	ftp://ftp.sra.ebi.ac.uk/vol1/fastq/ERR188/ERR188083/ERR188083_1.fastq.gz	ftp://ftp.sra.ebi.ac.uk/vol1/fastq/ERR188/ERR188083/ERR188083_2.fastq.gz	ERS185319	HG00285.3.M_120202_5	FIN	3
HG00306	ftp://ftp.sra.ebi.ac.uk/vol1/fastq/ERR188/ERR188240/ERR188240_1.fastq.gz	ftp://ftp.sra.ebi.ac.uk/vol1/fastq/ERR188/ERR188240/ERR188240_2.fastq.gz	ERS185146	HG00306.1.M_111124_1	FIN	1
HG00308	ftp://ftp.sra.ebi.ac.uk/vol1/fastq/ERR188/ERR188482/ERR188482_1.fastq.gz	ftp://ftp.sra.ebi.ac.uk/vol1/fastq/ERR188/ERR188482/ERR188482_2.fastq.gz	ERS185080	HG00308.3.M_120202_3	FIN	3
HG00309	ftp://ftp.sra.ebi.ac.uk/vol1/fastq/ERR188/ERR188432/ERR188432_1.fastq.gz	ftp://ftp.sra.ebi.ac.uk/vol1/fastq/ERR188/ERR188432/ERR188432_2.fastq.gz	ERS185441	HG00309.7.M_120219_7	FIN	7
HG00310	ftp://ftp.sra.ebi.ac.uk/vol1/fastq/ERR188/ERR188205/ERR188205_1.fastq.gz	ftp://ftp.sra.ebi.ac.uk/vol1/fastq/ERR188/ERR188205/ERR188205_2.fastq.gz	ERS185202	HG00310.4.M_120208_3	FIN	4
HG00311	ftp://ftp.sra.ebi.ac.uk/vol1/fastq/ERR188/ERR188121/ERR188121_1.fastq.gz	ftp://ftp.sra.ebi.ac.uk/vol1/fastq/ERR188/ERR188121/ERR188121_2.fastq.gz	ERS185440	HG00311.4.M_120208_6	FIN	4
HG00312	ftp://ftp.sra.ebi.ac.uk/vol1/fastq/ERR188/ERR188346/ERR188346_1.fastq.gz	ftp://ftp.sra.ebi.ac.uk/vol1/fastq/ERR188/ERR188346/ERR188346_2.fastq.gz	ERS185424	HG00312.7.M_120219_6	FIN	7
HG00313	ftp://ftp.sra.ebi.ac.uk/vol1/fastq/ERR188/ERR188123/ERR188123_1.fastq.gz	ftp://ftp.sra.ebi.ac.uk/vol1/fastq/ERR188/ERR188123/ERR188123_2.fastq.gz	ERS185213	HG00313.2.M_111216_6	FIN	2
HG00315	ftp://ftp.sra.ebi.ac.uk/vol1/fastq/ERR188/ERR188023/ERR188023_1.fastq.gz	ftp://ftp.sra.ebi.ac.uk/vol1/fastq/ERR188/ERR188023/ERR188023_2.fastq.gz	ERS185236	HG00315.2.M_111215_5	FIN	2
HG00319	ftp://ftp.sra.ebi.ac.uk/vol1/fastq/ERR188/ERR188300/ERR188300_1.fastq.gz	ftp://ftp.sra.ebi.ac.uk/vol1/fastq/ERR188/ERR188300/ERR188300_2.fastq.gz	ERS185165	HG00319.4.M_120208_7	FIN	4
HG00320	ftp://ftp.sra.ebi.ac.uk/vol1/fastq/ERR188/ERR188046/ERR188046_1.fastq.gz	ftp://ftp.sra.ebi.ac.uk/vol1/fastq/ERR188/ERR188046/ERR188046_2.fastq.gz	ERS185139	HG00320.1.M_111124_1	FIN	1
HG00321	ftp://ftp.sra.ebi.ac.uk/vol1/fastq/ERR188/ERR188045/ERR188045_1.fastq.gz	ftp://ftp.sra.ebi.ac.uk/vol1/fastq/ERR188/ERR188045/ERR188045_2.fastq.gz	ERS185194	HG00321.2.M_111216_2	FIN	2
HG00323	ftp://ftp.sra.ebi.ac.uk/vol1/fastq/ERR188/ERR188255/ERR188255_1.fastq.gz	ftp://ftp.sra.ebi.ac.uk/vol1/fastq/ERR188/ERR188255/ERR188255_2.fastq.gz	ERS185445	HG00323.1.M_111124_4	FIN	1
HG00324	ftp://ftp.sra.ebi.ac.uk/vol1/fastq/ERR188/ERR188113/ERR188113_1.fastq.gz	ftp://ftp.sra.ebi.ac.uk/vol1/fastq/ERR188/ERR188113/ERR188113_2.fastq.gz	ERS185428	HG00324.1.M_111124_2	FIN	1
HG00325	ftp://ftp.sra.ebi.ac.uk/vol1/fastq/ERR188/ERR188218/ERR188218_1.fastq.gz	ftp://ftp.sra.ebi.ac.uk/vol1/fastq/ERR188/ERR188218/ERR188218_2.fastq.gz	ERS185357	HG00325.5.M_120131_1	FIN	5
HG00326	ftp://ftp.sra.ebi.ac.uk/vol1/fastq/ERR188/ERR188418/ERR188418_1.fastq.gz	ftp://ftp.sra.ebi.ac.uk/vol1/fastq/ERR188/ERR188418/ERR188418_2.fastq.gz	ERS185036	HG00326.1.M_111124_7	FIN	1
HG00327	ftp://ftp.sra.ebi.ac.uk/vol1/fastq/ERR188/ERR188417/ERR188417_1.fastq.gz	ftp://ftp.sra.ebi.ac.uk/vol1/fastq/ERR188/ERR188417/ERR188417_2.fastq.gz	ERS185187	HG00327.3.M_120202_4	FIN	3
HG00328	ftp://ftp.sra.ebi.ac.uk/vol1/fastq/ERR188/ERR188341/ERR188341_1.fastq.gz	ftp://ftp.sra.ebi.ac.uk/vol1/fastq/ERR188/ERR188341/ERR188341_2.fastq.gz	ERS185280	HG00328.2.M_111215_4	FIN	2
HG00329	ftp://ftp.sra.ebi.ac.uk/vol1/fastq/ERR188/ERR188439/ERR188439_1.fastq.gz	ftp://ftp.sra.ebi.ac.uk/vol1/fastq/ERR188/ERR188439/ERR188439_2.fastq.gz	ERS185408	HG00329.5.M_120131_3	FIN	5
HG00330	ftp://ftp.sra.ebi.ac.uk/vol1/fastq/ERR188/ERR188296/ERR188296_1.fastq.gz	ftp://ftp.sra.ebi.ac.uk/vol1/fastq/ERR188/ERR188296/ERR188296_2.fastq.gz	ERS185042	HG00330.1.M_120209_2	FIN	1
HG00331	ftp://ftp.sra.ebi.ac.uk/vol1/fastq/ERR188/ERR188056/ERR188056_1.fastq.gz	ftp://ftp.sra.ebi.ac.uk/vol1/fastq/ERR188/ERR188056/ERR188056_2.fastq.gz	ERS185265	HG00331.7.M_120219_8	FIN	7
HG00332	ftp://ftp.sra.ebi.ac.uk/vol1/fastq/ERR188/ERR188294/ERR188294_1.fastq.gz	ftp://ftp.sra.ebi.ac.uk/vol1/fastq/ERR188/ERR188294/ERR188294_2.fastq.gz	ERS185309	HG00332.6.M_120217_1	FIN	6
HG00334	ftp://ftp.sra.ebi.ac.uk/vol1/fastq/ERR188/ERR188127/ERR188127_1.fastq.gz	ftp://ftp.sra.ebi.ac.uk/vol1/fastq/ERR188/ERR188127/ERR188127_2.fastq.gz	ERS185189	HG00334.2.M_111216_5	FIN	2
HG00335	ftp://ftp.sra.ebi.ac.uk/vol1/fastq/ERR188/ERR188156/ERR188156_1.fastq.gz	ftp://ftp.sra.ebi.ac.uk/vol1/fastq/ERR188/ERR188156/ERR188156_2.fastq.gz	ERS185463	HG00335.2.M_111216_5	FIN	2
HG00336	ftp://ftp.sra.ebi.ac.uk/vol1/fastq/ERR188/ERR188033/ERR188033_1.fastq.gz	ftp://ftp.sra.ebi.ac.uk/vol1/fastq/ERR188/ERR188033/ERR188033_2.fastq.gz	ERS185303	HG00336.1.M_120209_2	FIN	1
HG00337	ftp://ftp.sra.ebi.ac.uk/vol1/fastq/ERR188/ERR188098/ERR188098_1.fastq.gz	ftp://ftp.sra.ebi.ac.uk/vol1/fastq/ERR188/ERR188098/ERR188098_2.fastq.gz	ERS185119	HG00337.5.M_120131_5	FIN	5
HG00338	ftp://ftp.sra.ebi.ac.uk/vol1/fastq/ERR188/ERR188169/ERR188169_1.fastq.gz	ftp://ftp.sra.ebi.ac.uk/vol1/fastq/ERR188/ERR188169/ERR188169_2.fastq.gz	ERS185255	HG00338.2.M_111215_8	FIN	2
HG00339	ftp://ftp.sra.ebi.ac.uk/vol1/fastq/ERR188/ERR188321/ERR188321_1.fastq.gz	ftp://ftp.sra.ebi.ac.uk/vol1/fastq/ERR188/ERR188321/ERR188321_2.fastq.gz	ERS185492	HG00339.4.M_120208_1	FIN	4
HG00341	ftp://ftp.sra.ebi.ac.uk/vol1/fastq/ERR188/ERR188197/ERR188197_1.fastq.gz	ftp://ftp.sra.ebi.ac.uk/vol1/fastq/ERR188/ERR188197/ERR188197_2.fastq.gz	ERS185404	HG00341.2.M_111216_7	FIN	2
HG00342	ftp://ftp.sra.ebi.ac.uk/vol1/fastq/ERR188/ERR188270/ERR188270_1.fastq.gz	ftp://ftp.sra.ebi.ac.uk/vol1/fastq/ERR188/ERR188270/ERR188270_2.fastq.gz	ERS185104	HG00342.1.M_111124_1	FIN	1
HG00343	ftp://ftp.sra.ebi.ac.uk/vol1/fastq/ERR188/ERR188141/ERR188141_1.fastq.gz	ftp://ftp.sra.ebi.ac.uk/vol1/fastq/ERR188/ERR188141/ERR188141_2.fastq.gz	ERS185382	HG00343.1.M_111124_5	FIN	1
HG00344	ftp://ftp.sra.ebi.ac.uk/vol1/fastq/ERR188/ERR188473/ERR188473_1.fastq.gz	ftp://ftp.sra.ebi.ac.uk/vol1/fastq/ERR188/ERR188473/ERR188473_2.fastq.gz	ERS185252	HG00344.4.M_120208_2	FIN	4
HG00345	ftp://ftp.sra.ebi.ac.uk/vol1/fastq/ERR188/ERR188038/ERR188038_1.fastq.gz	ftp://ftp.sra.ebi.ac.uk/vol1/fastq/ERR188/ERR188038/ERR188038_2.fastq.gz	ERS185098	HG00345.1.M_120209_1	FIN	1
HG00346	ftp://ftp.sra.ebi.ac.uk/vol1/fastq/ERR188/ERR188168/ERR188168_1.fastq.gz	ftp://ftp.sra.ebi.ac.uk/vol1/fastq/ERR188/ERR188168/ERR188168_2.fastq.gz	ERS185059	HG00346.2.M_120131_1	FIN	2
HG00349	ftp://ftp.sra.ebi.ac.uk/vol1/fastq/ERR188/ERR188075/ERR188075_1.fastq.gz	ftp://ftp.sra.ebi.ac.uk/vol1/fastq/ERR188/ERR188075/ERR188075_2.fastq.gz	ERS185027	HG00349.4.M_120208_4	FIN	4
HG00350	ftp://ftp.sra.ebi.ac.uk/vol1/fastq/ERR188/ERR188031/ERR188031_1.fastq.gz	ftp://ftp.sra.ebi.ac.uk/vol1/fastq/ERR188/ERR188031/ERR188031_2.fastq.gz	ERS185198	HG00350.3.M_120202_3	FIN	3
HG00351	ftp://ftp.sra.ebi.ac.uk/vol1/fastq/ERR188/ERR188124/ERR188124_1.fastq.gz	ftp://ftp.sra.ebi.ac.uk/vol1/fastq/ERR188/ERR188124/ERR188124_2.fastq.gz	ERS185172	HG00351.6.M_120119_5	FIN	6
HG00353	ftp://ftp.sra.ebi.ac.uk/vol1/fastq/ERR188/ERR188340/ERR188340_1.fastq.gz	ftp://ftp.sra.ebi.ac.uk/vol1/fastq/ERR188/ERR188340/ERR188340_2.fastq.gz	ERS185168	HG00353.1.M_111124_6	FIN	1
HG00355	ftp://ftp.sra.ebi.ac.uk/vol1/fastq/ERR188/ERR188029/ERR188029_1.fastq.gz	ftp://ftp.sra.ebi.ac.uk/vol1/fastq/ERR188/ERR188029/ERR188029_2.fastq.gz	ERS185329	HG00355.2.M_111215_6	FIN	2
HG00356	ftp://ftp.sra.ebi.ac.uk/vol1/fastq/ERR188/ERR188241/ERR188241_1.fastq.gz	ftp://ftp.sra.ebi.ac.uk/vol1/fastq/ERR188/ERR188241/ERR188241_2.fastq.gz	ERS185436	HG00356.2.M_111215_6	FIN	2
HG00358	ftp://ftp.sra.ebi.ac.uk/vol1/fastq/ERR188/ERR188089/ERR188089_1.fastq.gz	ftp://ftp.sra.ebi.ac.uk/vol1/fastq/ERR188/ERR188089/ERR188089_2.fastq.gz	ERS185208	HG00358.5.M_120131_5	FIN	5
HG00359	ftp://ftp.sra.ebi.ac.uk/vol1/fastq/ERR188/ERR188175/ERR188175_1.fastq.gz	ftp://ftp.sra.ebi.ac.uk/vol1/fastq/ERR188/ERR188175/ERR188175_2.fastq.gz	ERS185274	HG00359.1.M_111124_6	FIN	1
HG00360	ftp://ftp.sra.ebi.ac.uk/vol1/fastq/ERR188/ERR188374/ERR188374_1.fastq.gz	ftp://ftp.sra.ebi.ac.uk/vol1/fastq/ERR188/ERR188374/ERR188374_2.fastq.gz	ERS185399	HG00360.3.M_120202_8	FIN	3
HG00361	ftp://ftp.sra.ebi.ac.uk/vol1/fastq/ERR188/ERR188215/ERR188215_1.fastq.gz	ftp://ftp.sra.ebi.ac.uk/vol1/fastq/ERR188/ERR188215/ERR188215_2.fastq.gz	ERS185084	HG00361.7.M_120219_5	FIN	7
HG00362	ftp://ftp.sra.ebi.ac.uk/vol1/fastq/ERR188/ERR188480/ERR188480_1.fastq.gz	ftp://ftp.sra.ebi.ac.uk/vol1/fastq/ERR188/ERR188480/ERR188480_2.fastq.gz	ERS185444	HG00362.3.M_120202_2	FIN	3
HG00364	ftp://ftp.sra.ebi.ac.uk/vol1/fastq/ERR188/ERR188303/ERR188303_1.fastq.gz	ftp://ftp.sra.ebi.ac.uk/vol1/fastq/ERR188/ERR188303/ERR188303_2.fastq.gz	ERS185118	HG00364.2.M_111215_8	FIN	2
HG00365	ftp://ftp.sra.ebi.ac.uk/vol1/fastq/ERR188/ERR188395/ERR188395_1.fastq.gz	ftp://ftp.sra.ebi.ac.uk/vol1/fastq/ERR188/ERR188395/ERR188395_2.fastq.gz	ERS185297	HG00365.7.M_120219_5	FIN	7
HG00366	ftp://ftp.sra.ebi.ac.uk/vol1/fastq/ERR188/ERR188150/ERR188150_1.fastq.gz	ftp://ftp.sra.ebi.ac.uk/vol1/fastq/ERR188/ERR188150/ERR188150_2.fastq.gz	ERS185291	HG00366.4.M_120208_1	FIN	4
HG00367	ftp://ftp.sra.ebi.ac.uk/vol1/fastq/ERR188/ERR188358/ERR188358_1.fastq.gz	ftp://ftp.sra.ebi.ac.uk/vol1/fastq/ERR188/ERR188358/ERR188358_2.fastq.gz	ERS185229	HG00367.2.M_120131_1	FIN	2
HG00369	ftp://ftp.sra.ebi.ac.uk/vol1/fastq/ERR188/ERR188260/ERR188260_1.fastq.gz	ftp://ftp.sra.ebi.ac.uk/vol1/fastq/ERR188/ERR188260/ERR188260_2.fastq.gz	ERS185365	HG00369.5.M_120131_1	FIN	5
HG00371	ftp://ftp.sra.ebi.ac.uk/vol1/fastq/ERR188/ERR188362/ERR188362_1.fastq.gz	ftp://ftp.sra.ebi.ac.uk/vol1/fastq/ERR188/ERR188362/ERR188362_2.fastq.gz	ERS185302	HG00371.1.M_111124_3	FIN	1
HG00372	ftp://ftp.sra.ebi.ac.uk/vol1/fastq/ERR188/ERR188078/ERR188078_1.fastq.gz	ftp://ftp.sra.ebi.ac.uk/vol1/fastq/ERR188/ERR188078/ERR188078_2.fastq.gz	ERS185218	HG00372.4.M_120208_3	FIN	4
HG00373	ftp://ftp.sra.ebi.ac.uk/vol1/fastq/ERR188/ERR188198/ERR188198_1.fastq.gz	ftp://ftp.sra.ebi.ac.uk/vol1/fastq/ERR188/ERR188198/ERR188198_2.fastq.gz	ERS185076	HG00373.2.M_111215_6	FIN	2
HG00375	ftp://ftp.sra.ebi.ac.uk/vol1/fastq/ERR188/ERR188462/ERR188462_1.fastq.gz	ftp://ftp.sra.ebi.ac.uk/vol1/fastq/ERR188/ERR188462/ERR188462_2.fastq.gz	ERS185222	HG00375.4.M_120208_4	FIN	4
HG00376	ftp://ftp.sra.ebi.ac.uk/vol1/fastq/ERR188/ERR188299/ERR188299_1.fastq.gz	ftp://ftp.sra.ebi.ac.uk/vol1/fastq/ERR188/ERR188299/ERR188299_2.fastq.gz	ERS185150	HG00376.2.M_111216_1	FIN	2
HG00377	ftp://ftp.sra.ebi.ac.uk/vol1/fastq/ERR188/ERR188025/ERR188025_1.fastq.gz	ftp://ftp.sra.ebi.ac.uk/vol1/fastq/ERR188/ERR188025/ERR188025_2.fastq.gz	ERS185451	HG00377.2.M_120131_2	FIN	2
HG00378	ftp://ftp.sra.ebi.ac.uk/vol1/fastq/ERR188/ERR188472/ERR188472_1.fastq.gz	ftp://ftp.sra.ebi.ac.uk/vol1/fastq/ERR188/ERR188472/ERR188472_2.fastq.gz	ERS185047	HG00378.5.M_120131_5	FIN	5
HG00379	ftp://ftp.sra.ebi.ac.uk/vol1/fastq/ERR188/ERR188330/ERR188330_1.fastq.gz	ftp://ftp.sra.ebi.ac.uk/vol1/fastq/ERR188/ERR188330/ERR188330_2.fastq.gz	ERS185414	HG00379.5.M_120131_3	FIN	5
HG00380	ftp://ftp.sra.ebi.ac.uk/vol1/fastq/ERR188/ERR188314/ERR188314_1.fastq.gz	ftp://ftp.sra.ebi.ac.uk/vol1/fastq/ERR188/ERR188314/ERR188314_2.fastq.gz	ERS185393	HG00380.3.M_120202_8	FIN	3
HG00381	ftp://ftp.sra.ebi.ac.uk/vol1/fastq/ERR188/ERR188280/ERR188280_1.fastq.gz	ftp://ftp.sra.ebi.ac.uk/vol1/fastq/ERR188/ERR188280/ERR188280_2.fastq.gz	ERS185385	HG00381.3.M_120202_7	FIN	3
HG00382	ftp://ftp.sra.ebi.ac.uk/vol1/fastq/ERR188/ERR188115/ERR188115_1.fastq.gz	ftp://ftp.sra.ebi.ac.uk/vol1/fastq/ERR188/ERR188115/ERR188115_2.fastq.gz	ERS185056	HG00382.4.M_120208_4	FIN	4
HG00383	ftp://ftp.sra.ebi.ac.uk/vol1/fastq/ERR188/ERR188102/ERR188102_1.fastq.gz	ftp://ftp.sra.ebi.ac.uk/vol1/fastq/ERR188/ERR188102/ERR188102_2.fastq.gz	ERS185130	HG00383.1.M_111124_1	FIN	1
HG00384	ftp://ftp.sra.ebi.ac.uk/vol1/fastq/ERR188/ERR188043/ERR188043_1.fastq.gz	ftp://ftp.sra.ebi.ac.uk/vol1/fastq/ERR188/ERR188043/ERR188043_2.fastq.gz	ERS185184	HG00384.2.M_111216_4	FIN	2
HG01334	ftp://ftp.sra.ebi.ac.uk/vol1/fastq/ERR188/ERR188469/ERR188469_1.fastq.gz	ftp://ftp.sra.ebi.ac.uk/vol1/fastq/ERR188/ERR188469/ERR188469_2.fastq.gz	ERS185045	HG01334.7.M_120219_8	GBR	7
HG01789	ftp://ftp.sra.ebi.ac.uk/vol1/fastq/ERR188/ERR188391/ERR188391_1.fastq.gz	ftp://ftp.sra.ebi.ac.uk/vol1/fastq/ERR188/ERR188391/ERR188391_2.fastq.gz	ERS185200	HG01789.6.M_120119_1	GBR	6
HG01790	ftp://ftp.sra.ebi.ac.uk/vol1/fastq/ERR188/ERR188407/ERR188407_1.fastq.gz	ftp://ftp.sra.ebi.ac.uk/vol1/fastq/ERR188/ERR188407/ERR188407_2.fastq.gz	ERS185025	HG01790.3.M_120202_3	GBR	3
HG01791	ftp://ftp.sra.ebi.ac.uk/vol1/fastq/ERR188/ERR188478/ERR188478_1.fastq.gz	ftp://ftp.sra.ebi.ac.uk/vol1/fastq/ERR188/ERR188478/ERR188478_2.fastq.gz	ERS185261	HG01791.2.M_111216_5	GBR	2
HG02215	ftp://ftp.sra.ebi.ac.uk/vol1/fastq/ERR188/ERR188470/ERR188470_1.fastq.gz	ftp://ftp.sra.ebi.ac.uk/vol1/fastq/ERR188/ERR188470/ERR188470_2.fastq.gz	ERS185197	HG02215.1.M_111124_4	GBR	1
NA06984	ftp://ftp.sra.ebi.ac.uk/vol1/fastq/ERR188/ERR188325/ERR188325_1.fastq.gz	ftp://ftp.sra.ebi.ac.uk/vol1/fastq/ERR188/ERR188325/ERR188325_2.fastq.gz	ERS185153	NA06984.1.M_111124_4	CEU	1
NA06985	ftp://ftp.sra.ebi.ac.uk/vol1/fastq/ERR188/ERR188327/ERR188327_1.fastq.gz	ftp://ftp.sra.ebi.ac.uk/vol1/fastq/ERR188/ERR188327/ERR188327_2.fastq.gz	ERS185170	NA06985.1.M_111124_7	CEU	1
NA06986	ftp://ftp.sra.ebi.ac.uk/vol1/fastq/ERR188/ERR188213/ERR188213_1.fastq.gz	ftp://ftp.sra.ebi.ac.uk/vol1/fastq/ERR188/ERR188213/ERR188213_2.fastq.gz	ERS185470	NA06986.2.M_111215_4	CEU	2
NA06989	ftp://ftp.sra.ebi.ac.uk/vol1/fastq/ERR188/ERR188202/ERR188202_1.fastq.gz	ftp://ftp.sra.ebi.ac.uk/vol1/fastq/ERR188/ERR188202/ERR188202_2.fastq.gz	ERS185502	NA06989.3.M_120202_7	CEU	3
NA06994	ftp://ftp.sra.ebi.ac.uk/vol1/fastq/ERR188/ERR188047/ERR188047_1.fastq.gz	ftp://ftp.sra.ebi.ac.uk/vol1/fastq/ERR188/ERR188047/ERR188047_2.fastq.gz	ERS185383	NA06994.2.M_111215_7	CEU	2
NA07037	ftp://ftp.sra.ebi.ac.uk/vol1/fastq/ERR188/ERR188376/ERR188376_1.fastq.gz	ftp://ftp.sra.ebi.ac.uk/vol1/fastq/ERR188/ERR188376/ERR188376_2.fastq.gz	ERS185431	NA07037.6.M_120119_4	CEU	6
NA07048	ftp://ftp.sra.ebi.ac.uk/vol1/fastq/ERR188/ERR188481/ERR188481_1.fastq.gz	ftp://ftp.sra.ebi.ac.uk/vol1/fastq/ERR188/ERR188481/ERR188481_2.fastq.gz	ERS185308	NA07048.6.M_120119_6	CEU	6
NA07051	ftp://ftp.sra.ebi.ac.uk/vol1/fastq/ERR188/ERR188474/ERR188474_1.fastq.gz	ftp://ftp.sra.ebi.ac.uk/vol1/fastq/ERR188/ERR188474/ERR188474_2.fastq.gz	ERS185266	NA07051.5.M_120131_1	CEU	5
NA07056	ftp://ftp.sra.ebi.ac.uk/vol1/fastq/ERR188/ERR188027/ERR188027_1.fastq.gz	ftp://ftp.sra.ebi.ac.uk/vol1/fastq/ERR188/ERR188027/ERR188027_2.fastq.gz	ERS185031	NA07056.1.M_111124_3	CEU	1
NA07346	ftp://ftp.sra.ebi.ac.uk/vol1/fastq/ERR188/ERR188135/ERR188135_1.fastq.gz	ftp://ftp.sra.ebi.ac.uk/vol1/fastq/ERR188/ERR188135/ERR188135_2.fastq.gz	ERS185346	NA07346.2.M_111215_7	CEU	2
NA07347	ftp://ftp.sra.ebi.ac.uk/vol1/fastq/ERR188/ERR188324/ERR188324_1.fastq.gz	ftp://ftp.sra.ebi.ac.uk/vol1/fastq/ERR188/ERR188324/ERR188324_2.fastq.gz	ERS185160	NA07347.7.M_120219_3	CEU	7
NA07357	ftp://ftp.sra.ebi.ac.uk/vol1/fastq/ERR188/ERR188176/ERR188176_1.fastq.gz	ftp://ftp.sra.ebi.ac.uk/vol1/fastq/ERR188/ERR188176/ERR188176_2.fastq.gz	ERS185180	NA07357.2.M_111216_5	CEU	2
NA10847	ftp://ftp.sra.ebi.ac.uk/vol1/fastq/ERR188/ERR188101/ERR188101_1.fastq.gz	ftp://ftp.sra.ebi.ac.uk/vol1/fastq/ERR188/ERR188101/ERR188101_2.fastq.gz	ERS185493	NA10847.4.M_120208_4	CEU	4
NA10851	ftp://ftp.sra.ebi.ac.uk/vol1/fastq/ERR188/ERR188389/ERR188389_1.fastq.gz	ftp://ftp.sra.ebi.ac.uk/vol1/fastq/ERR188/ERR188389/ERR188389_2.fastq.gz	ERS185067	NA10851.4.M_120208_1	CEU	4
NA11829	ftp://ftp.sra.ebi.ac.uk/vol1/fastq/ERR188/ERR188433/ERR188433_1.fastq.gz	ftp://ftp.sra.ebi.ac.uk/vol1/fastq/ERR188/ERR188433/ERR188433_2.fastq.gz	ERS185107	NA11829.6.M_120217_1	CEU	6
NA11830	ftp://ftp.sra.ebi.ac.uk/vol1/fastq/ERR188/ERR188435/ERR188435_1.fastq.gz	ftp://ftp.sra.ebi.ac.uk/vol1/fastq/ERR188/ERR188435/ERR188435_2.fastq.gz	ERS185097	NA11830.3.M_120202_4	CEU	3
NA11831	ftp://ftp.sra.ebi.ac.uk/vol1/fastq/ERR188/ERR188067/ERR188067_1.fastq.gz	ftp://ftp.sra.ebi.ac.uk/vol1/fastq/ERR188/ERR188067/ERR188067_2.fastq.gz	ERS185295	NA11831.7.M_120219_2	CEU	7
NA11832	ftp://ftp.sra.ebi.ac.uk/vol1/fastq/ERR188/ERR188217/ERR188217_1.fastq.gz	ftp://ftp.sra.ebi.ac.uk/vol1/fastq/ERR188/ERR188217/ERR188217_2.fastq.gz	ERS185066	NA11832.2.M_120131_2	CEU	2
NA11840	ftp://ftp.sra.ebi.ac.uk/vol1/fastq/ERR188/ERR188246/ERR188246_1.fastq.gz	ftp://ftp.sra.ebi.ac.uk/vol1/fastq/ERR188/ERR188246/ERR188246_2.fastq.gz	ERS185072	NA11840.6.M_120119_5	CEU	6
NA11843	ftp://ftp.sra.ebi.ac.uk/vol1/fastq/ERR188/ERR188426/ERR188426_1.fastq.gz	ftp://ftp.sra.ebi.ac.uk/vol1/fastq/ERR188/ERR188426/ERR188426_2.fastq.gz	ERS185326	NA11843.4.M_120208_6	CEU	4
NA11881	ftp://ftp.sra.ebi.ac.uk/vol1/fastq/ERR188/ERR188272/ERR188272_1.fastq.gz	ftp://ftp.sra.ebi.ac.uk/vol1/fastq/ERR188/ERR188272/ERR188272_2.fastq.gz	ERS185240	NA11881.1.M_111124_5	CEU	1
NA11892	ftp://ftp.sra.ebi.ac.uk/vol1/fastq/ERR188/ERR188086/ERR188086_1.fastq.gz	ftp://ftp.sra.ebi.ac.uk/vol1/fastq/ERR188/ERR188086/ERR188086_2.fastq.gz	ERS185176	NA11892.1.M_111124_2	CEU	1
NA11893	ftp://ftp.sra.ebi.ac.uk/vol1/fastq/ERR188/ERR188077/ERR188077_1.fastq.gz	ftp://ftp.sra.ebi.ac.uk/vol1/fastq/ERR188/ERR188077/ERR188077_2.fastq.gz	ERS185138	NA11893.7.M_120219_3	CEU	7
NA11894	ftp://ftp.sra.ebi.ac.uk/vol1/fastq/ERR188/ERR188122/ERR188122_1.fastq.gz	ftp://ftp.sra.ebi.ac.uk/vol1/fastq/ERR188/ERR188122/ERR188122_2.fastq.gz	ERS185454	NA11894.2.M_111215_4	CEU	2
NA11918	ftp://ftp.sra.ebi.ac.uk/vol1/fastq/ERR188/ERR188161/ERR188161_1.fastq.gz	ftp://ftp.sra.ebi.ac.uk/vol1/fastq/ERR188/ERR188161/ERR188161_2.fastq.gz	ERS185205	NA11918.1.M_111124_3	CEU	1
NA11920	ftp://ftp.sra.ebi.ac.uk/vol1/fastq/ERR188/ERR188371/ERR188371_1.fastq.gz	ftp://ftp.sra.ebi.ac.uk/vol1/fastq/ERR188/ERR188371/ERR188371_2.fastq.gz	ERS185051	NA11920.2.M_120131_1	CEU	2
NA11930	ftp://ftp.sra.ebi.ac.uk/vol1/fastq/ERR188/ERR188235/ERR188235_1.fastq.gz	ftp://ftp.sra.ebi.ac.uk/vol1/fastq/ERR188/ERR188235/ERR188235_2.fastq.gz	ERS185438	NA11930.3.M_120202_8	CEU	3
NA11931	ftp://ftp.sra.ebi.ac.uk/vol1/fastq/ERR188/ERR188049/ERR188049_1.fastq.gz	ftp://ftp.sra.ebi.ac.uk/vol1/fastq/ERR188/ERR188049/ERR188049_2.fastq.gz	ERS185392	NA11931.1.M_111124_8	CEU	1
NA11992	ftp://ftp.sra.ebi.ac.uk/vol1/fastq/ERR188/ERR188062/ERR188062_1.fastq.gz	ftp://ftp.sra.ebi.ac.uk/vol1/fastq/ERR188/ERR188062/ERR188062_2.fastq.gz	ERS185096	NA11992.6.M_120119_5	CEU	6
NA11993	ftp://ftp.sra.ebi.ac.uk/vol1/fastq/ERR188/ERR188233/ERR188233_1.fastq.gz	ftp://ftp.sra.ebi.ac.uk/vol1/fastq/ERR188/ERR188233/ERR188233_2.fastq.gz	ERS185053	NA11993.2.M_111216_4	CEU	2
NA11994	ftp://ftp.sra.ebi.ac.uk/vol1/fastq/ERR188/ERR188301/ERR188301_1.fastq.gz	ftp://ftp.sra.ebi.ac.uk/vol1/fastq/ERR188/ERR188301/ERR188301_2.fastq.gz	ERS185092	NA11994.2.M_111216_7	CEU	2
NA11995	ftp://ftp.sra.ebi.ac.uk/vol1/fastq/ERR188/ERR188348/ERR188348_1.fastq.gz	ftp://ftp.sra.ebi.ac.uk/vol1/fastq/ERR188/ERR188348/ERR188348_2.fastq.gz	ERS185494	NA11995.7.M_120219_5	CEU	7
NA12004	ftp://ftp.sra.ebi.ac.uk/vol1/fastq/ERR188/ERR188336/ERR188336_1.fastq.gz	ftp://ftp.sra.ebi.ac.uk/vol1/fastq/ERR188/ERR188336/ERR188336_2.fastq.gz	ERS185154	NA12004.4.M_120208_5	CEU	4
NA12005	ftp://ftp.sra.ebi.ac.uk/vol1/fastq/ERR188/ERR188058/ERR188058_1.fastq.gz	ftp://ftp.sra.ebi.ac.uk/vol1/fastq/ERR188/ERR188058/ERR188058_2.fastq.gz	ERS185109	NA12005.4.M_120208_1	CEU	4
NA12006	ftp://ftp.sra.ebi.ac.uk/vol1/fastq/ERR188/ERR188076/ERR188076_1.fastq.gz	ftp://ftp.sra.ebi.ac.uk/vol1/fastq/ERR188/ERR188076/ERR188076_2.fastq.gz	ERS185344	NA12006.5.M_120131_1	CEU	5
NA12043	ftp://ftp.sra.ebi.ac.uk/vol1/fastq/ERR188/ERR188414/ERR188414_1.fastq.gz	ftp://ftp.sra.ebi.ac.uk/vol1/fastq/ERR188/ERR188414/ERR188414_2.fastq.gz	ERS185386	NA12043.2.M_120127_7	CEU	2
NA12044	ftp://ftp.sra.ebi.ac.uk/vol1/fastq/ERR188/ERR188229/ERR188229_1.fastq.gz	ftp://ftp.sra.ebi.ac.uk/vol1/fastq/ERR188/ERR188229/ERR188229_2.fastq.gz	ERS185029	NA12044.4.M_120208_8	CEU	4
NA12045	ftp://ftp.sra.ebi.ac.uk/vol1/fastq/ERR188/ERR188377/ERR188377_1.fastq.gz	ftp://ftp.sra.ebi.ac.uk/vol1/fastq/ERR188/ERR188377/ERR188377_2.fastq.gz	ERS185387	NA12045.3.M_120202_3	CEU	3
NA12058	ftp://ftp.sra.ebi.ac.uk/vol1/fastq/ERR188/ERR188415/ERR188415_1.fastq.gz	ftp://ftp.sra.ebi.ac.uk/vol1/fastq/ERR188/ERR188415/ERR188415_2.fastq.gz	ERS185060	NA12058.5.M_120131_7	CEU	5
NA12144	ftp://ftp.sra.ebi.ac.uk/vol1/fastq/ERR188/ERR188039/ERR188039_1.fastq.gz	ftp://ftp.sra.ebi.ac.uk/vol1/fastq/ERR188/ERR188039/ERR188039_2.fastq.gz	ERS185495	NA12144.4.M_120208_1	CEU	4
NA12154	ftp://ftp.sra.ebi.ac.uk/vol1/fastq/ERR188/ERR188172/ERR188172_1.fastq.gz	ftp://ftp.sra.ebi.ac.uk/vol1/fastq/ERR188/ERR188172/ERR188172_2.fastq.gz	ERS185043	NA12154.5.M_120131_3	CEU	5
NA12155	ftp://ftp.sra.ebi.ac.uk/vol1/fastq/ERR188/ERR188331/ERR188331_1.fastq.gz	ftp://ftp.sra.ebi.ac.uk/vol1/fastq/ERR188/ERR188331/ERR188331_2.fastq.gz	ERS185323	NA12155.4.M_120208_8	CEU	4
NA12156	ftp://ftp.sra.ebi.ac.uk/vol1/fastq/ERR188/ERR188410/ERR188410_1.fastq.gz	ftp://ftp.sra.ebi.ac.uk/vol1/fastq/ERR188/ERR188410/ERR188410_2.fastq.gz	ERS185353	NA12156.4.M_120208_7	CEU	4
NA12234	ftp://ftp.sra.ebi.ac.uk/vol1/fastq/ERR188/ERR188177/ERR188177_1.fastq.gz	ftp://ftp.sra.ebi.ac.uk/vol1/fastq/ERR188/ERR188177/ERR188177_2.fastq.gz	ERS185238	NA12234.7.M_120219_6	CEU	7
NA12249	ftp://ftp.sra.ebi.ac.uk/vol1/fastq/ERR188/ERR188319/ERR188319_1.fastq.gz	ftp://ftp.sra.ebi.ac.uk/vol1/fastq/ERR188/ERR188319/ERR188319_2.fastq.gz	ERS185110	NA12249.1.M_120209_1	CEU	1
NA12272	ftp://ftp.sra.ebi.ac.uk/vol1/fastq/ERR188/ERR188438/ERR188438_1.fastq.gz	ftp://ftp.sra.ebi.ac.uk/vol1/fastq/ERR188/ERR188438/ERR188438_2.fastq.gz	ERS185102	NA12272.3.M_120202_5	CEU	3
NA12273	ftp://ftp.sra.ebi.ac.uk/vol1/fastq/ERR188/ERR188431/ERR188431_1.fastq.gz	ftp://ftp.sra.ebi.ac.uk/vol1/fastq/ERR188/ERR188431/ERR188431_2.fastq.gz	ERS185443	NA12273.1.M_111124_4	CEU	1
NA12275	ftp://ftp.sra.ebi.ac.uk/vol1/fastq/ERR188/ERR188032/ERR188032_1.fastq.gz	ftp://ftp.sra.ebi.ac.uk/vol1/fastq/ERR188/ERR188032/ERR188032_2.fastq.gz	ERS185264	NA12275.7.M_120219_5	CEU	7
NA12282	ftp://ftp.sra.ebi.ac.uk/vol1/fastq/ERR188/ERR188148/ERR188148_1.fastq.gz	ftp://ftp.sra.ebi.ac.uk/vol1/fastq/ERR188/ERR188148/ERR188148_2.fastq.gz	ERS185430	NA12282.3.M_120202_7	CEU	3
NA12283	ftp://ftp.sra.ebi.ac.uk/vol1/fastq/ERR188/ERR188262/ERR188262_1.fastq.gz	ftp://ftp.sra.ebi.ac.uk/vol1/fastq/ERR188/ERR188262/ERR188262_2.fastq.gz	ERS185142	NA12283.2.M_111216_5	CEU	2
NA12286	ftp://ftp.sra.ebi.ac.uk/vol1/fastq/ERR188/ERR188467/ERR188467_1.fastq.gz	ftp://ftp.sra.ebi.ac.uk/vol1/fastq/ERR188/ERR188467/ERR188467_2.fastq.gz	ERS185390	NA12286.2.M_111216_1	CEU	2
NA12287	ftp://ftp.sra.ebi.ac.uk/vol1/fastq/ERR188/ERR188142/ERR188142_1.fastq.gz	ftp://ftp.sra.ebi.ac.uk/vol1/fastq/ERR188/ERR188142/ERR188142_2.fastq.gz	ERS185075	NA12287.3.M_120202_3	CEU	3
NA12340	ftp://ftp.sra.ebi.ac.uk/vol1/fastq/ERR188/ERR188277/ERR188277_1.fastq.gz	ftp://ftp.sra.ebi.ac.uk/vol1/fastq/ERR188/ERR188277/ERR188277_2.fastq.gz	ERS185126	NA12340.5.M_120131_7	CEU	5
NA12341	ftp://ftp.sra.ebi.ac.uk/vol1/fastq/ERR188/ERR188388/ERR188388_1.fastq.gz	ftp://ftp.sra.ebi.ac.uk/vol1/fastq/ERR188/ERR188388/ERR188388_2.fastq.gz	ERS185052	NA12341.1.M_111124_5	CEU	1
NA12342	ftp://ftp.sra.ebi.ac.uk/vol1/fastq/ERR188/ERR188107/ERR188107_1.fastq.gz	ftp://ftp.sra.ebi.ac.uk/vol1/fastq/ERR188/ERR188107/ERR188107_2.fastq.gz	ERS185304	NA12342.1.M_111124_5	CEU	1
NA12347	ftp://ftp.sra.ebi.ac.uk/vol1/fastq/ERR188/ERR188446/ERR188446_1.fastq.gz	ftp://ftp.sra.ebi.ac.uk/vol1/fastq/ERR188/ERR188446/ERR188446_2.fastq.gz	ERS185468	NA12347.1.M_111124_7	CEU	1
NA12348	ftp://ftp.sra.ebi.ac.uk/vol1/fastq/ERR188/ERR188441/ERR188441_1.fastq.gz	ftp://ftp.sra.ebi.ac.uk/vol1/fastq/ERR188/ERR188441/ERR188441_2.fastq.gz	ERS185040	NA12348.3.M_120202_6	CEU	3
NA12383	ftp://ftp.sra.ebi.ac.uk/vol1/fastq/ERR188/ERR188396/ERR188396_1.fastq.gz	ftp://ftp.sra.ebi.ac.uk/vol1/fastq/ERR188/ERR188396/ERR188396_2.fastq.gz	ERS185026	NA12383.1.M_111124_3	CEU	1
NA12399	ftp://ftp.sra.ebi.ac.uk/vol1/fastq/ERR188/ERR188350/ERR188350_1.fastq.gz	ftp://ftp.sra.ebi.ac.uk/vol1/fastq/ERR188/ERR188350/ERR188350_2.fastq.gz	ERS185416	NA12399.1.M_120209_4	CEU	1
NA12400	ftp://ftp.sra.ebi.ac.uk/vol1/fastq/ERR188/ERR188220/ERR188220_1.fastq.gz	ftp://ftp.sra.ebi.ac.uk/vol1/fastq/ERR188/ERR188220/ERR188220_2.fastq.gz	ERS185260	NA12400.2.M_111216_2	CEU	2
NA12413	ftp://ftp.sra.ebi.ac.uk/vol1/fastq/ERR188/ERR188181/ERR188181_1.fastq.gz	ftp://ftp.sra.ebi.ac.uk/vol1/fastq/ERR188/ERR188181/ERR188181_2.fastq.gz	ERS185321	NA12413.2.M_111215_6	CEU	2
NA12489	ftp://ftp.sra.ebi.ac.uk/vol1/fastq/ERR188/ERR188048/ERR188048_1.fastq.gz	ftp://ftp.sra.ebi.ac.uk/vol1/fastq/ERR188/ERR188048/ERR188048_2.fastq.gz	ERS185147	NA12489.1.M_111124_2	CEU	1
NA12546	ftp://ftp.sra.ebi.ac.uk/vol1/fastq/ERR188/ERR188092/ERR188092_1.fastq.gz	ftp://ftp.sra.ebi.ac.uk/vol1/fastq/ERR188/ERR188092/ERR188092_2.fastq.gz	ERS185183	NA12546.3.M_120202_4	CEU	3
NA12716	ftp://ftp.sra.ebi.ac.uk/vol1/fastq/ERR188/ERR188140/ERR188140_1.fastq.gz	ftp://ftp.sra.ebi.ac.uk/vol1/fastq/ERR188/ERR188140/ERR188140_2.fastq.gz	ERS185171	NA12716.7.M_120219_6	CEU	7
NA12717	ftp://ftp.sra.ebi.ac.uk/vol1/fastq/ERR188/ERR188196/ERR188196_1.fastq.gz	ftp://ftp.sra.ebi.ac.uk/vol1/fastq/ERR188/ERR188196/ERR188196_2.fastq.gz	ERS185254	NA12717.1.M_111124_3	CEU	1
NA12718	ftp://ftp.sra.ebi.ac.uk/vol1/fastq/ERR188/ERR188244/ERR188244_1.fastq.gz	ftp://ftp.sra.ebi.ac.uk/vol1/fastq/ERR188/ERR188244/ERR188244_2.fastq.gz	ERS185311	NA12718.1.M_111124_7	CEU	1
NA12749	ftp://ftp.sra.ebi.ac.uk/vol1/fastq/ERR188/ERR188024/ERR188024_1.fastq.gz	ftp://ftp.sra.ebi.ac.uk/vol1/fastq/ERR188/ERR188024/ERR188024_2.fastq.gz	ERS185432	NA12749.1.M_111124_2	CEU	1
NA12750	ftp://ftp.sra.ebi.ac.uk/vol1/fastq/ERR188/ERR188404/ERR188404_1.fastq.gz	ftp://ftp.sra.ebi.ac.uk/vol1/fastq/ERR188/ERR188404/ERR188404_2.fastq.gz	ERS185058	NA12750.2.M_111216_2	CEU	2
NA12751	ftp://ftp.sra.ebi.ac.uk/vol1/fastq/ERR188/ERR188152/ERR188152_1.fastq.gz	ftp://ftp.sra.ebi.ac.uk/vol1/fastq/ERR188/ERR188152/ERR188152_2.fastq.gz	ERS185314	NA12751.2.M_111215_8	CEU	2
NA12760	ftp://ftp.sra.ebi.ac.uk/vol1/fastq/ERR188/ERR188308/ERR188308_1.fastq.gz	ftp://ftp.sra.ebi.ac.uk/vol1/fastq/ERR188/ERR188308/ERR188308_2.fastq.gz	ERS185230	NA12760.3.M_120202_3	CEU	3
NA12761	ftp://ftp.sra.ebi.ac.uk/vol1/fastq/ERR188/ERR188061/ERR188061_1.fastq.gz	ftp://ftp.sra.ebi.ac.uk/vol1/fastq/ERR188/ERR188061/ERR188061_2.fastq.gz	ERS185347	NA12761.6.M_120119_2	CEU	6
NA12762	ftp://ftp.sra.ebi.ac.uk/vol1/fastq/ERR188/ERR188100/ERR188100_1.fastq.gz	ftp://ftp.sra.ebi.ac.uk/vol1/fastq/ERR188/ERR188100/ERR188100_2.fastq.gz	ERS185288	NA12762.4.M_120208_3	CEU	4
NA12763	ftp://ftp.sra.ebi.ac.uk/vol1/fastq/ERR188/ERR188420/ERR188420_1.fastq.gz	ftp://ftp.sra.ebi.ac.uk/vol1/fastq/ERR188/ERR188420/ERR188420_2.fastq.gz	ERS185143	NA12763.2.M_111216_8	CEU	2
NA12775	ftp://ftp.sra.ebi.ac.uk/vol1/fastq/ERR188/ERR188354/ERR188354_1.fastq.gz	ftp://ftp.sra.ebi.ac.uk/vol1/fastq/ERR188/ERR188354/ERR188354_2.fastq.gz	ERS185293	NA12775.7.M_120219_5	CEU	7
NA12776	ftp://ftp.sra.ebi.ac.uk/vol1/fastq/ERR188/ERR188279/ERR188279_1.fastq.gz	ftp://ftp.sra.ebi.ac.uk/vol1/fastq/ERR188/ERR188279/ERR188279_2.fastq.gz	ERS185439	NA12776.6.M_120119_6	CEU	6
NA12777	ftp://ftp.sra.ebi.ac.uk/vol1/fastq/ERR188/ERR188256/ERR188256_1.fastq.gz	ftp://ftp.sra.ebi.ac.uk/vol1/fastq/ERR188/ERR188256/ERR188256_2.fastq.gz	ERS185496	NA12777.4.M_120208_6	CEU	4
NA12778	ftp://ftp.sra.ebi.ac.uk/vol1/fastq/ERR188/ERR188477/ERR188477_1.fastq.gz	ftp://ftp.sra.ebi.ac.uk/vol1/fastq/ERR188/ERR188477/ERR188477_2.fastq.gz	ERS185039	NA12778.1.M_111124_4	CEU	1
NA12812	ftp://ftp.sra.ebi.ac.uk/vol1/fastq/ERR188/ERR188022/ERR188022_1.fastq.gz	ftp://ftp.sra.ebi.ac.uk/vol1/fastq/ERR188/ERR188022/ERR188022_2.fastq.gz	ERS185103	NA12812.1.M_111124_4	CEU	1
NA12813	ftp://ftp.sra.ebi.ac.uk/vol1/fastq/ERR188/ERR188291/ERR188291_1.fastq.gz	ftp://ftp.sra.ebi.ac.uk/vol1/fastq/ERR188/ERR188291/ERR188291_2.fastq.gz	ERS185131	NA12813.2.M_111216_6	CEU	2
NA12814	ftp://ftp.sra.ebi.ac.uk/vol1/fastq/ERR188/ERR188081/ERR188081_1.fastq.gz	ftp://ftp.sra.ebi.ac.uk/vol1/fastq/ERR188/ERR188081/ERR188081_2.fastq.gz	ERS185330	NA12814.7.M_120219_3	CEU	7
NA12815	ftp://ftp.sra.ebi.ac.uk/vol1/fastq/ERR188/ERR188339/ERR188339_1.fastq.gz	ftp://ftp.sra.ebi.ac.uk/vol1/fastq/ERR188/ERR188339/ERR188339_2.fastq.gz	ERS185248	NA12815.1.M_111124_3	CEU	1
NA12827	ftp://ftp.sra.ebi.ac.uk/vol1/fastq/ERR188/ERR188134/ERR188134_1.fastq.gz	ftp://ftp.sra.ebi.ac.uk/vol1/fastq/ERR188/ERR188134/ERR188134_2.fastq.gz	ERS185298	NA12827.3.M_120202_2	CEU	3
NA12829	ftp://ftp.sra.ebi.ac.uk/vol1/fastq/ERR188/ERR188228/ERR188228_1.fastq.gz	ftp://ftp.sra.ebi.ac.uk/vol1/fastq/ERR188/ERR188228/ERR188228_2.fastq.gz	ERS185214	NA12829.7.M_120219_4	CEU	7
NA12830	ftp://ftp.sra.ebi.ac.uk/vol1/fastq/ERR188/ERR188051/ERR188051_1.fastq.gz	ftp://ftp.sra.ebi.ac.uk/vol1/fastq/ERR188/ERR188051/ERR188051_2.fastq.gz	ERS185401	NA12830.1.M_111124_2	CEU	1
NA12842	ftp://ftp.sra.ebi.ac.uk/vol1/fastq/ERR188/ERR188349/ERR188349_1.fastq.gz	ftp://ftp.sra.ebi.ac.uk/vol1/fastq/ERR188/ERR188349/ERR188349_2.fastq.gz	ERS185389	NA12842.6.M_120119_4	CEU	6
NA12843	ftp://ftp.sra.ebi.ac.uk/vol1/fastq/ERR188/ERR188099/ERR188099_1.fastq.gz	ftp://ftp.sra.ebi.ac.uk/vol1/fastq/ERR188/ERR188099/ERR188099_2.fastq.gz	ERS185207	NA12843.6.M_120119_4	CEU	6
NA12872	ftp://ftp.sra.ebi.ac.uk/vol1/fastq/ERR188/ERR188157/ERR188157_1.fastq.gz	ftp://ftp.sra.ebi.ac.uk/vol1/fastq/ERR188/ERR188157/ERR188157_2.fastq.gz	ERS185354	NA12872.2.M_111216_2	CEU	2
NA12873	ftp://ftp.sra.ebi.ac.uk/vol1/fastq/ERR188/ERR188216/ERR188216_1.fastq.gz	ftp://ftp.sra.ebi.ac.uk/vol1/fastq/ERR188/ERR188216/ERR188216_2.fastq.gz	ERS185117	NA12873.7.M_120219_1	CEU	7
NA12874	ftp://ftp.sra.ebi.ac.uk/vol1/fastq/ERR188/ERR188227/ERR188227_1.fastq.gz	ftp://ftp.sra.ebi.ac.uk/vol1/fastq/ERR188/ERR188227/ERR188227_2.fastq.gz	ERS185461	NA12874.3.M_120202_2	CEU	3
NA12889	ftp://ftp.sra.ebi.ac.uk/vol1/fastq/ERR188/ERR188429/ERR188429_1.fastq.gz	ftp://ftp.sra.ebi.ac.uk/vol1/fastq/ERR188/ERR188429/ERR188429_2.fastq.gz	ERS185149	NA12889.3.M_120223_7	CEU	3
NA12890	ftp://ftp.sra.ebi.ac.uk/vol1/fastq/ERR188/ERR188413/ERR188413_1.fastq.gz	ftp://ftp.sra.ebi.ac.uk/vol1/fastq/ERR188/ERR188413/ERR188413_2.fastq.gz	ERS185244	NA12890.1.M_111124_3	CEU	1
NA18486	ftp://ftp.sra.ebi.ac.uk/vol1/fastq/ERR188/ERR188214/ERR188214_1.fastq.gz	ftp://ftp.sra.ebi.ac.uk/vol1/fastq/ERR188/ERR188214/ERR188214_2.fastq.gz	ERS185193	NA18486.7.M_120219_4	YRI	7
NA18487	ftp://ftp.sra.ebi.ac.uk/vol1/fastq/ERR188/ERR188143/ERR188143_1.fastq.gz	ftp://ftp.sra.ebi.ac.uk/vol1/fastq/ERR188/ERR188143/ERR188143_2.fastq.gz	ERS185377	NA18487.6.M_120119_5	YRI	6
NA18488	ftp://ftp.sra.ebi.ac.uk/vol1/fastq/ERR188/ERR188311/ERR188311_1.fastq.gz	ftp://ftp.sra.ebi.ac.uk/vol1/fastq/ERR188/ERR188311/ERR188311_2.fastq.gz	ERS185055	NA18488.4.M_120208_7	YRI	4
NA18489	ftp://ftp.sra.ebi.ac.uk/vol1/fastq/ERR188/ERR188151/ERR188151_1.fastq.gz	ftp://ftp.sra.ebi.ac.uk/vol1/fastq/ERR188/ERR188151/ERR188151_2.fastq.gz	ERS185268	NA18489.2.M_111216_1	YRI	2
NA18498	ftp://ftp.sra.ebi.ac.uk/vol1/fastq/ERR188/ERR188044/ERR188044_1.fastq.gz	ftp://ftp.sra.ebi.ac.uk/vol1/fastq/ERR188/ERR188044/ERR188044_2.fastq.gz	ERS185292	NA18498.2.M_120131_1	YRI	2
NA18499	ftp://ftp.sra.ebi.ac.uk/vol1/fastq/ERR188/ERR188449/ERR188449_1.fastq.gz	ftp://ftp.sra.ebi.ac.uk/vol1/fastq/ERR188/ERR188449/ERR188449_2.fastq.gz	ERS185044	NA18499.1.M_111124_2	YRI	1
NA18502	ftp://ftp.sra.ebi.ac.uk/vol1/fastq/ERR188/ERR188158/ERR188158_1.fastq.gz	ftp://ftp.sra.ebi.ac.uk/vol1/fastq/ERR188/ERR188158/ERR188158_2.fastq.gz	ERS185294	NA18502.7.M_120219_8	YRI	7
NA18505	ftp://ftp.sra.ebi.ac.uk/vol1/fastq/ERR188/ERR188273/ERR188273_1.fastq.gz	ftp://ftp.sra.ebi.ac.uk/vol1/fastq/ERR188/ERR188273/ERR188273_2.fastq.gz	ERS185369	NA18505.3.M_120202_1	YRI	3
NA18508	ftp://ftp.sra.ebi.ac.uk/vol1/fastq/ERR188/ERR188162/ERR188162_1.fastq.gz	ftp://ftp.sra.ebi.ac.uk/vol1/fastq/ERR188/ERR188162/ERR188162_2.fastq.gz	ERS185437	NA18508.1.M_111124_1	YRI	1
NA18510	ftp://ftp.sra.ebi.ac.uk/vol1/fastq/ERR188/ERR188165/ERR188165_1.fastq.gz	ftp://ftp.sra.ebi.ac.uk/vol1/fastq/ERR188/ERR188165/ERR188165_2.fastq.gz	ERS185396	NA18510.3.M_120202_7	YRI	3
NA18511	ftp://ftp.sra.ebi.ac.uk/vol1/fastq/ERR188/ERR188097/ERR188097_1.fastq.gz	ftp://ftp.sra.ebi.ac.uk/vol1/fastq/ERR188/ERR188097/ERR188097_2.fastq.gz	ERS185100	NA18511.7.M_120219_2	YRI	7
NA18517	ftp://ftp.sra.ebi.ac.uk/vol1/fastq/ERR188/ERR188060/ERR188060_1.fastq.gz	ftp://ftp.sra.ebi.ac.uk/vol1/fastq/ERR188/ERR188060/ERR188060_2.fastq.gz	ERS185124	NA18517.3.M_120202_1	YRI	3
NA18519	ftp://ftp.sra.ebi.ac.uk/vol1/fastq/ERR188/ERR188200/ERR188200_1.fastq.gz	ftp://ftp.sra.ebi.ac.uk/vol1/fastq/ERR188/ERR188200/ERR188200_2.fastq.gz	ERS185123	NA18519.1.M_111124_3	YRI	1
NA18520	ftp://ftp.sra.ebi.ac.uk/vol1/fastq/ERR188/ERR188085/ERR188085_1.fastq.gz	ftp://ftp.sra.ebi.ac.uk/vol1/fastq/ERR188/ERR188085/ERR188085_2.fastq.gz	ERS185345	NA18520.1.M_111124_1	YRI	1
NA18858	ftp://ftp.sra.ebi.ac.uk/vol1/fastq/ERR188/ERR188375/ERR188375_1.fastq.gz	ftp://ftp.sra.ebi.ac.uk/vol1/fastq/ERR188/ERR188375/ERR188375_2.fastq.gz	ERS185148	NA18858.2.M_111216_8	YRI	2
NA18861	ftp://ftp.sra.ebi.ac.uk/vol1/fastq/ERR188/ERR188278/ERR188278_1.fastq.gz	ftp://ftp.sra.ebi.ac.uk/vol1/fastq/ERR188/ERR188278/ERR188278_2.fastq.gz	ERS185336	NA18861.1.M_120209_2	YRI	1
NA18867	ftp://ftp.sra.ebi.ac.uk/vol1/fastq/ERR188/ERR188298/ERR188298_1.fastq.gz	ftp://ftp.sra.ebi.ac.uk/vol1/fastq/ERR188/ERR188298/ERR188298_2.fastq.gz	ERS185220	NA18867.1.M_111124_2	YRI	1
NA18868	ftp://ftp.sra.ebi.ac.uk/vol1/fastq/ERR188/ERR188344/ERR188344_1.fastq.gz	ftp://ftp.sra.ebi.ac.uk/vol1/fastq/ERR188/ERR188344/ERR188344_2.fastq.gz	ERS185406	NA18868.5.M_120131_3	YRI	5
NA18870	ftp://ftp.sra.ebi.ac.uk/vol1/fastq/ERR188/ERR188373/ERR188373_1.fastq.gz	ftp://ftp.sra.ebi.ac.uk/vol1/fastq/ERR188/ERR188373/ERR188373_2.fastq.gz	ERS185409	NA18870.6.M_120119_4	YRI	6
NA18873	ftp://ftp.sra.ebi.ac.uk/vol1/fastq/ERR188/ERR188313/ERR188313_1.fastq.gz	ftp://ftp.sra.ebi.ac.uk/vol1/fastq/ERR188/ERR188313/ERR188313_2.fastq.gz	ERS185327	NA18873.4.M_120208_7	YRI	4
NA18907	ftp://ftp.sra.ebi.ac.uk/vol1/fastq/ERR188/ERR188283/ERR188283_1.fastq.gz	ftp://ftp.sra.ebi.ac.uk/vol1/fastq/ERR188/ERR188283/ERR188283_2.fastq.gz	ERS185049	NA18907.6.M_120217_1	YRI	6
NA18908	ftp://ftp.sra.ebi.ac.uk/vol1/fastq/ERR188/ERR188223/ERR188223_1.fastq.gz	ftp://ftp.sra.ebi.ac.uk/vol1/fastq/ERR188/ERR188223/ERR188223_2.fastq.gz	ERS185381	NA18908.7.M_120219_7	YRI	7
NA18909	ftp://ftp.sra.ebi.ac.uk/vol1/fastq/ERR188/ERR188352/ERR188352_1.fastq.gz	ftp://ftp.sra.ebi.ac.uk/vol1/fastq/ERR188/ERR188352/ERR188352_2.fastq.gz	ERS185028	NA18909.4.M_120208_8	YRI	4
NA18910	ftp://ftp.sra.ebi.ac.uk/vol1/fastq/ERR188/ERR188442/ERR188442_1.fastq.gz	ftp://ftp.sra.ebi.ac.uk/vol1/fastq/ERR188/ERR188442/ERR188442_2.fastq.gz	ERS185199	NA18910.3.M_120202_7	YRI	3
NA18912	ftp://ftp.sra.ebi.ac.uk/vol1/fastq/ERR188/ERR188182/ERR188182_1.fastq.gz	ftp://ftp.sra.ebi.ac.uk/vol1/fastq/ERR188/ERR188182/ERR188182_2.fastq.gz	ERS185373	NA18912.7.M_120219_3	YRI	7
NA18916	ftp://ftp.sra.ebi.ac.uk/vol1/fastq/ERR188/ERR188269/ERR188269_1.fastq.gz	ftp://ftp.sra.ebi.ac.uk/vol1/fastq/ERR188/ERR188269/ERR188269_2.fastq.gz	ERS185088	NA18916.2.M_111215_6	YRI	2
NA18917	ftp://ftp.sra.ebi.ac.uk/vol1/fastq/ERR188/ERR188139/ERR188139_1.fastq.gz	ftp://ftp.sra.ebi.ac.uk/vol1/fastq/ERR188/ERR188139/ERR188139_2.fastq.gz	ERS185301	NA18917.1.M_111124_5	YRI	1
NA18923	ftp://ftp.sra.ebi.ac.uk/vol1/fastq/ERR188/ERR188409/ERR188409_1.fastq.gz	ftp://ftp.sra.ebi.ac.uk/vol1/fastq/ERR188/ERR188409/ERR188409_2.fastq.gz	ERS185101	NA18923.2.M_111216_5	YRI	2
NA18933	ftp://ftp.sra.ebi.ac.uk/vol1/fastq/ERR188/ERR188096/ERR188096_1.fastq.gz	ftp://ftp.sra.ebi.ac.uk/vol1/fastq/ERR188/ERR188096/ERR188096_2.fastq.gz	ERS185211	NA18933.1.M_111124_2	YRI	1
NA18934	ftp://ftp.sra.ebi.ac.uk/vol1/fastq/ERR188/ERR188447/ERR188447_1.fastq.gz	ftp://ftp.sra.ebi.ac.uk/vol1/fastq/ERR188/ERR188447/ERR188447_2.fastq.gz	ERS185249	NA18934.3.M_120223_7	YRI	3
NA19092	ftp://ftp.sra.ebi.ac.uk/vol1/fastq/ERR188/ERR188128/ERR188128_1.fastq.gz	ftp://ftp.sra.ebi.ac.uk/vol1/fastq/ERR188/ERR188128/ERR188128_2.fastq.gz	ERS185221	NA19092.1.M_111124_3	YRI	1
NA19093	ftp://ftp.sra.ebi.ac.uk/vol1/fastq/ERR188/ERR188476/ERR188476_1.fastq.gz	ftp://ftp.sra.ebi.ac.uk/vol1/fastq/ERR188/ERR188476/ERR188476_2.fastq.gz	ERS185038	NA19093.7.M_120219_7	YRI	7
NA19095	ftp://ftp.sra.ebi.ac.uk/vol1/fastq/ERR188/ERR188268/ERR188268_1.fastq.gz	ftp://ftp.sra.ebi.ac.uk/vol1/fastq/ERR188/ERR188268/ERR188268_2.fastq.gz	ERS185037	NA19095.2.M_120131_2	YRI	2
NA19096	ftp://ftp.sra.ebi.ac.uk/vol1/fastq/ERR188/ERR188069/ERR188069_1.fastq.gz	ftp://ftp.sra.ebi.ac.uk/vol1/fastq/ERR188/ERR188069/ERR188069_2.fastq.gz	ERS185239	NA19096.4.M_120208_4	YRI	4
NA19098	ftp://ftp.sra.ebi.ac.uk/vol1/fastq/ERR188/ERR188243/ERR188243_1.fastq.gz	ftp://ftp.sra.ebi.ac.uk/vol1/fastq/ERR188/ERR188243/ERR188243_2.fastq.gz	ERS185064	NA19098.5.M_120131_1	YRI	5
NA19099	ftp://ftp.sra.ebi.ac.uk/vol1/fastq/ERR188/ERR188188/ERR188188_1.fastq.gz	ftp://ftp.sra.ebi.ac.uk/vol1/fastq/ERR188/ERR188188/ERR188188_2.fastq.gz	ERS185061	NA19099.2.M_111215_7	YRI	2
NA19102	ftp://ftp.sra.ebi.ac.uk/vol1/fastq/ERR188/ERR188367/ERR188367_1.fastq.gz	ftp://ftp.sra.ebi.ac.uk/vol1/fastq/ERR188/ERR188367/ERR188367_2.fastq.gz	ERS185397	NA19102.1.M_111124_1	YRI	1
NA19107	ftp://ftp.sra.ebi.ac.uk/vol1/fastq/ERR188/ERR188423/ERR188423_1.fastq.gz	ftp://ftp.sra.ebi.ac.uk/vol1/fastq/ERR188/ERR188423/ERR188423_2.fastq.gz	ERS185210	NA19107.2.M_111216_5	YRI	2
NA19108	ftp://ftp.sra.ebi.ac.uk/vol1/fastq/ERR188/ERR188261/ERR188261_1.fastq.gz	ftp://ftp.sra.ebi.ac.uk/vol1/fastq/ERR188/ERR188261/ERR188261_2.fastq.gz	ERS185359	NA19108.5.M_120131_7	YRI	5
NA19113	ftp://ftp.sra.ebi.ac.uk/vol1/fastq/ERR188/ERR188221/ERR188221_1.fastq.gz	ftp://ftp.sra.ebi.ac.uk/vol1/fastq/ERR188/ERR188221/ERR188221_2.fastq.gz	ERS185413	NA19113.3.M_120202_1	YRI	3
NA19114	ftp://ftp.sra.ebi.ac.uk/vol1/fastq/ERR188/ERR188178/ERR188178_1.fastq.gz	ftp://ftp.sra.ebi.ac.uk/vol1/fastq/ERR188/ERR188178/ERR188178_2.fastq.gz	ERS185281	NA19114.2.M_111215_7	YRI	2
NA19116	ftp://ftp.sra.ebi.ac.uk/vol1/fastq/ERR188/ERR188234/ERR188234_1.fastq.gz	ftp://ftp.sra.ebi.ac.uk/vol1/fastq/ERR188/ERR188234/ERR188234_2.fastq.gz	ERS185419	NA19116.2.M_111215_7	YRI	2
NA19117	ftp://ftp.sra.ebi.ac.uk/vol1/fastq/ERR188/ERR188365/ERR188365_1.fastq.gz	ftp://ftp.sra.ebi.ac.uk/vol1/fastq/ERR188/ERR188365/ERR188365_2.fastq.gz	ERS185452	NA19117.1.M_111124_4	YRI	1
NA19118	ftp://ftp.sra.ebi.ac.uk/vol1/fastq/ERR188/ERR188066/ERR188066_1.fastq.gz	ftp://ftp.sra.ebi.ac.uk/vol1/fastq/ERR188/ERR188066/ERR188066_2.fastq.gz	ERS185465	NA19118.7.M_120219_8	YRI	7
NA19119	ftp://ftp.sra.ebi.ac.uk/vol1/fastq/ERR188/ERR188030/ERR188030_1.fastq.gz	ftp://ftp.sra.ebi.ac.uk/vol1/fastq/ERR188/ERR188030/ERR188030_2.fastq.gz	ERS185063	NA19119.3.M_120202_4	YRI	3
NA19121	ftp://ftp.sra.ebi.ac.uk/vol1/fastq/ERR188/ERR188109/ERR188109_1.fastq.gz	ftp://ftp.sra.ebi.ac.uk/vol1/fastq/ERR188/ERR188109/ERR188109_2.fastq.gz	ERS185204	NA19121.3.M_120202_6	YRI	3
NA19129	ftp://ftp.sra.ebi.ac.uk/vol1/fastq/ERR188/ERR188444/ERR188444_1.fastq.gz	ftp://ftp.sra.ebi.ac.uk/vol1/fastq/ERR188/ERR188444/ERR188444_2.fastq.gz	ERS185435	NA19129.6.M_120217_1	YRI	6
NA19130	ftp://ftp.sra.ebi.ac.uk/vol1/fastq/ERR188/ERR188471/ERR188471_1.fastq.gz	ftp://ftp.sra.ebi.ac.uk/vol1/fastq/ERR188/ERR188471/ERR188471_2.fastq.gz	ERS185275	NA19130.5.M_120131_7	YRI	5
NA19131	ftp://ftp.sra.ebi.ac.uk/vol1/fastq/ERR188/ERR188170/ERR188170_1.fastq.gz	ftp://ftp.sra.ebi.ac.uk/vol1/fastq/ERR188/ERR188170/ERR188170_2.fastq.gz	ERS185370	NA19131.2.M_111215_8	YRI	2
NA19137	ftp://ftp.sra.ebi.ac.uk/vol1/fastq/ERR188/ERR188072/ERR188072_1.fastq.gz	ftp://ftp.sra.ebi.ac.uk/vol1/fastq/ERR188/ERR188072/ERR188072_2.fastq.gz	ERS185267	NA19137.1.M_111124_7	YRI	1
NA19138	ftp://ftp.sra.ebi.ac.uk/vol1/fastq/ERR188/ERR188306/ERR188306_1.fastq.gz	ftp://ftp.sra.ebi.ac.uk/vol1/fastq/ERR188/ERR188306/ERR188306_2.fastq.gz	ERS185152	NA19138.3.M_120202_8	YRI	3
NA19141	ftp://ftp.sra.ebi.ac.uk/vol1/fastq/ERR188/ERR188193/ERR188193_1.fastq.gz	ftp://ftp.sra.ebi.ac.uk/vol1/fastq/ERR188/ERR188193/ERR188193_2.fastq.gz	ERS185434	NA19141.6.M_120119_2	YRI	6
NA19143	ftp://ftp.sra.ebi.ac.uk/vol1/fastq/ERR188/ERR188459/ERR188459_1.fastq.gz	ftp://ftp.sra.ebi.ac.uk/vol1/fastq/ERR188/ERR188459/ERR188459_2.fastq.gz	ERS185391	NA19143.2.M_111216_8	YRI	2
NA19144	ftp://ftp.sra.ebi.ac.uk/vol1/fastq/ERR188/ERR188064/ERR188064_1.fastq.gz	ftp://ftp.sra.ebi.ac.uk/vol1/fastq/ERR188/ERR188064/ERR188064_2.fastq.gz	ERS185166	NA19144.1.M_120209_1	YRI	1
NA19146	ftp://ftp.sra.ebi.ac.uk/vol1/fastq/ERR188/ERR188104/ERR188104_1.fastq.gz	ftp://ftp.sra.ebi.ac.uk/vol1/fastq/ERR188/ERR188104/ERR188104_2.fastq.gz	ERS185331	NA19146.5.M_120131_5	YRI	5
NA19147	ftp://ftp.sra.ebi.ac.uk/vol1/fastq/ERR188/ERR188184/ERR188184_1.fastq.gz	ftp://ftp.sra.ebi.ac.uk/vol1/fastq/ERR188/ERR188184/ERR188184_2.fastq.gz	ERS185087	NA19147.2.M_120131_2	YRI	2
NA19149	ftp://ftp.sra.ebi.ac.uk/vol1/fastq/ERR188/ERR188451/ERR188451_1.fastq.gz	ftp://ftp.sra.ebi.ac.uk/vol1/fastq/ERR188/ERR188451/ERR188451_2.fastq.gz	ERS185457	NA19149.1.M_111124_2	YRI	1
NA19150	ftp://ftp.sra.ebi.ac.uk/vol1/fastq/ERR188/ERR188093/ERR188093_1.fastq.gz	ftp://ftp.sra.ebi.ac.uk/vol1/fastq/ERR188/ERR188093/ERR188093_2.fastq.gz	ERS185285	NA19150.5.M_120131_7	YRI	5
NA19152	ftp://ftp.sra.ebi.ac.uk/vol1/fastq/ERR188/ERR188225/ERR188225_1.fastq.gz	ftp://ftp.sra.ebi.ac.uk/vol1/fastq/ERR188/ERR188225/ERR188225_2.fastq.gz	ERS185203	NA19152.4.M_120208_4	YRI	4
NA19153	ftp://ftp.sra.ebi.ac.uk/vol1/fastq/ERR188/ERR188460/ERR188460_1.fastq.gz	ftp://ftp.sra.ebi.ac.uk/vol1/fastq/ERR188/ERR188460/ERR188460_2.fastq.gz	ERS185310	NA19153.1.M_111124_7	YRI	1
NA19159	ftp://ftp.sra.ebi.ac.uk/vol1/fastq/ERR188/ERR188427/ERR188427_1.fastq.gz	ftp://ftp.sra.ebi.ac.uk/vol1/fastq/ERR188/ERR188427/ERR188427_2.fastq.gz	ERS185449	NA19159.3.M_120223_6	YRI	3
NA19160	ftp://ftp.sra.ebi.ac.uk/vol1/fastq/ERR188/ERR188232/ERR188232_1.fastq.gz	ftp://ftp.sra.ebi.ac.uk/vol1/fastq/ERR188/ERR188232/ERR188232_2.fastq.gz	ERS185062	NA19160.3.M_120202_3	YRI	3
NA19171	ftp://ftp.sra.ebi.ac.uk/vol1/fastq/ERR188/ERR188055/ERR188055_1.fastq.gz	ftp://ftp.sra.ebi.ac.uk/vol1/fastq/ERR188/ERR188055/ERR188055_2.fastq.gz	ERS185129	NA19171.1.M_111124_7	YRI	1
NA19172	ftp://ftp.sra.ebi.ac.uk/vol1/fastq/ERR188/ERR188422/ERR188422_1.fastq.gz	ftp://ftp.sra.ebi.ac.uk/vol1/fastq/ERR188/ERR188422/ERR188422_2.fastq.gz	ERS185073	NA19172.6.M_120119_1	YRI	6
NA19175	ftp://ftp.sra.ebi.ac.uk/vol1/fastq/ERR188/ERR188211/ERR188211_1.fastq.gz	ftp://ftp.sra.ebi.ac.uk/vol1/fastq/ERR188/ERR188211/ERR188211_2.fastq.gz	ERS185348	NA19175.4.M_120208_8	YRI	4
NA19184	ftp://ftp.sra.ebi.ac.uk/vol1/fastq/ERR188/ERR188103/ERR188103_1.fastq.gz	ftp://ftp.sra.ebi.ac.uk/vol1/fastq/ERR188/ERR188103/ERR188103_2.fastq.gz	ERS185356	NA19184.1.M_111124_1	YRI	1
NA19185	ftp://ftp.sra.ebi.ac.uk/vol1/fastq/ERR188/ERR188183/ERR188183_1.fastq.gz	ftp://ftp.sra.ebi.ac.uk/vol1/fastq/ERR188/ERR188183/ERR188183_2.fastq.gz	ERS185284	NA19185.6.M_120119_4	YRI	6
NA19189	ftp://ftp.sra.ebi.ac.uk/vol1/fastq/ERR188/ERR188292/ERR188292_1.fastq.gz	ftp://ftp.sra.ebi.ac.uk/vol1/fastq/ERR188/ERR188292/ERR188292_2.fastq.gz	ERS185325	NA19189.5.M_120131_7	YRI	5
NA19190	ftp://ftp.sra.ebi.ac.uk/vol1/fastq/ERR188/ERR188322/ERR188322_1.fastq.gz	ftp://ftp.sra.ebi.ac.uk/vol1/fastq/ERR188/ERR188322/ERR188322_2.fastq.gz	ERS185093	NA19190.4.M_120208_2	YRI	4
NA19197	ftp://ftp.sra.ebi.ac.uk/vol1/fastq/ERR188/ERR188129/ERR188129_1.fastq.gz	ftp://ftp.sra.ebi.ac.uk/vol1/fastq/ERR188/ERR188129/ERR188129_2.fastq.gz	ERS185054	NA19197.3.M_120202_2	YRI	3
NA19198	ftp://ftp.sra.ebi.ac.uk/vol1/fastq/ERR188/ERR188174/ERR188174_1.fastq.gz	ftp://ftp.sra.ebi.ac.uk/vol1/fastq/ERR188/ERR188174/ERR188174_2.fastq.gz	ERS185136	NA19198.2.M_111215_6	YRI	2
NA19200	ftp://ftp.sra.ebi.ac.uk/vol1/fastq/ERR188/ERR188440/ERR188440_1.fastq.gz	ftp://ftp.sra.ebi.ac.uk/vol1/fastq/ERR188/ERR188440/ERR188440_2.fastq.gz	ERS185316	NA19200.2.M_111216_1	YRI	2
NA19201	ftp://ftp.sra.ebi.ac.uk/vol1/fastq/ERR188/ERR188275/ERR188275_1.fastq.gz	ftp://ftp.sra.ebi.ac.uk/vol1/fastq/ERR188/ERR188275/ERR188275_2.fastq.gz	ERS185228	NA19201.1.M_111124_3	YRI	1
NA19204	ftp://ftp.sra.ebi.ac.uk/vol1/fastq/ERR188/ERR188042/ERR188042_1.fastq.gz	ftp://ftp.sra.ebi.ac.uk/vol1/fastq/ERR188/ERR188042/ERR188042_2.fastq.gz	ERS185446	NA19204.1.M_111124_6	YRI	1
NA19206	ftp://ftp.sra.ebi.ac.uk/vol1/fastq/ERR188/ERR188363/ERR188363_1.fastq.gz	ftp://ftp.sra.ebi.ac.uk/vol1/fastq/ERR188/ERR188363/ERR188363_2.fastq.gz	ERS185305	NA19206.2.M_111215_5	YRI	2
NA19207	ftp://ftp.sra.ebi.ac.uk/vol1/fastq/ERR188/ERR188454/ERR188454_1.fastq.gz	ftp://ftp.sra.ebi.ac.uk/vol1/fastq/ERR188/ERR188454/ERR188454_2.fastq.gz	ERS185460	NA19207.4.M_120208_5	YRI	4
NA19209	ftp://ftp.sra.ebi.ac.uk/vol1/fastq/ERR188/ERR188434/ERR188434_1.fastq.gz	ftp://ftp.sra.ebi.ac.uk/vol1/fastq/ERR188/ERR188434/ERR188434_2.fastq.gz	ERS185343	NA19209.6.M_120217_1	YRI	6
NA19210	ftp://ftp.sra.ebi.ac.uk/vol1/fastq/ERR188/ERR188392/ERR188392_1.fastq.gz	ftp://ftp.sra.ebi.ac.uk/vol1/fastq/ERR188/ERR188392/ERR188392_2.fastq.gz	ERS185068	NA19210.4.M_120208_1	YRI	4
NA19213	ftp://ftp.sra.ebi.ac.uk/vol1/fastq/ERR188/ERR188131/ERR188131_1.fastq.gz	ftp://ftp.sra.ebi.ac.uk/vol1/fastq/ERR188/ERR188131/ERR188131_2.fastq.gz	ERS185371	NA19213.2.M_111215_6	YRI	2
NA19214	ftp://ftp.sra.ebi.ac.uk/vol1/fastq/ERR188/ERR188209/ERR188209_1.fastq.gz	ftp://ftp.sra.ebi.ac.uk/vol1/fastq/ERR188/ERR188209/ERR188209_2.fastq.gz	ERS185145	NA19214.6.M_120119_2	YRI	6
NA19222	ftp://ftp.sra.ebi.ac.uk/vol1/fastq/ERR188/ERR188207/ERR188207_1.fastq.gz	ftp://ftp.sra.ebi.ac.uk/vol1/fastq/ERR188/ERR188207/ERR188207_2.fastq.gz	ERS185375	NA19222.2.M_111216_7	YRI	2
NA19223	ftp://ftp.sra.ebi.ac.uk/vol1/fastq/ERR188/ERR188284/ERR188284_1.fastq.gz	ftp://ftp.sra.ebi.ac.uk/vol1/fastq/ERR188/ERR188284/ERR188284_2.fastq.gz	ERS185400	NA19223.7.M_120219_6	YRI	7
NA19225	ftp://ftp.sra.ebi.ac.uk/vol1/fastq/ERR188/ERR188421/ERR188421_1.fastq.gz	ftp://ftp.sra.ebi.ac.uk/vol1/fastq/ERR188/ERR188421/ERR188421_2.fastq.gz	ERS185247	NA19225.1.M_120209_2	YRI	1
NA19235	ftp://ftp.sra.ebi.ac.uk/vol1/fastq/ERR188/ERR188390/ERR188390_1.fastq.gz	ftp://ftp.sra.ebi.ac.uk/vol1/fastq/ERR188/ERR188390/ERR188390_2.fastq.gz	ERS185415	NA19235.1.M_111124_6	YRI	1
NA19236	ftp://ftp.sra.ebi.ac.uk/vol1/fastq/ERR188/ERR188037/ERR188037_1.fastq.gz	ftp://ftp.sra.ebi.ac.uk/vol1/fastq/ERR188/ERR188037/ERR188037_2.fastq.gz	ERS185141	NA19236.4.M_120208_1	YRI	4
NA19247	ftp://ftp.sra.ebi.ac.uk/vol1/fastq/ERR188/ERR188463/ERR188463_1.fastq.gz	ftp://ftp.sra.ebi.ac.uk/vol1/fastq/ERR188/ERR188463/ERR188463_2.fastq.gz	ERS185366	NA19247.3.M_120223_7	YRI	3
NA19248	ftp://ftp.sra.ebi.ac.uk/vol1/fastq/ERR188/ERR188364/ERR188364_1.fastq.gz	ftp://ftp.sra.ebi.ac.uk/vol1/fastq/ERR188/ERR188364/ERR188364_2.fastq.gz	ERS185462	NA19248.5.M_120131_1	YRI	5
NA19256	ftp://ftp.sra.ebi.ac.uk/vol1/fastq/ERR188/ERR188120/ERR188120_1.fastq.gz	ftp://ftp.sra.ebi.ac.uk/vol1/fastq/ERR188/ERR188120/ERR188120_2.fastq.gz	ERS185253	NA19256.6.M_120119_6	YRI	6
NA19257	ftp://ftp.sra.ebi.ac.uk/vol1/fastq/ERR188/ERR188074/ERR188074_1.fastq.gz	ftp://ftp.sra.ebi.ac.uk/vol1/fastq/ERR188/ERR188074/ERR188074_2.fastq.gz	ERS185340	NA19257.6.M_120119_2	YRI	6
NA20502	ftp://ftp.sra.ebi.ac.uk/vol1/fastq/ERR188/ERR188380/ERR188380_1.fastq.gz	ftp://ftp.sra.ebi.ac.uk/vol1/fastq/ERR188/ERR188380/ERR188380_2.fastq.gz	ERS185433	NA20502.3.M_120202_4	TSI	3
NA20503	ftp://ftp.sra.ebi.ac.uk/vol1/fastq/ERR188/ERR188297/ERR188297_1.fastq.gz	ftp://ftp.sra.ebi.ac.uk/vol1/fastq/ERR188/ERR188297/ERR188297_2.fastq.gz	ERS185497	NA20503.1.M_111124_5	TSI	1
NA20504	ftp://ftp.sra.ebi.ac.uk/vol1/fastq/ERR188/ERR188088/ERR188088_1.fastq.gz	ftp://ftp.sra.ebi.ac.uk/vol1/fastq/ERR188/ERR188088/ERR188088_2.fastq.gz	ERS185242	NA20504.1.M_111124_7	TSI	1
NA20505	ftp://ftp.sra.ebi.ac.uk/vol1/fastq/ERR188/ERR188329/ERR188329_1.fastq.gz	ftp://ftp.sra.ebi.ac.uk/vol1/fastq/ERR188/ERR188329/ERR188329_2.fastq.gz	ERS185048	NA20505.1.M_111124_6	TSI	1
NA20506	ftp://ftp.sra.ebi.ac.uk/vol1/fastq/ERR188/ERR188254/ERR188254_1.fastq.gz	ftp://ftp.sra.ebi.ac.uk/vol1/fastq/ERR188/ERR188254/ERR188254_2.fastq.gz	ERS185032	NA20506.1.M_120209_2	TSI	1
NA20507	ftp://ftp.sra.ebi.ac.uk/vol1/fastq/ERR188/ERR188288/ERR188288_1.fastq.gz	ftp://ftp.sra.ebi.ac.uk/vol1/fastq/ERR188/ERR188288/ERR188288_2.fastq.gz	ERS185412	NA20507.1.M_111124_7	TSI	1
NA20508	ftp://ftp.sra.ebi.ac.uk/vol1/fastq/ERR188/ERR188021/ERR188021_1.fastq.gz	ftp://ftp.sra.ebi.ac.uk/vol1/fastq/ERR188/ERR188021/ERR188021_2.fastq.gz	ERS185362	NA20508.1.M_111124_2	TSI	1
NA20509	ftp://ftp.sra.ebi.ac.uk/vol1/fastq/ERR188/ERR188063/ERR188063_1.fastq.gz	ftp://ftp.sra.ebi.ac.uk/vol1/fastq/ERR188/ERR188063/ERR188063_2.fastq.gz	ERS185324	NA20509.7.M_120219_7	TSI	7
NA20510	ftp://ftp.sra.ebi.ac.uk/vol1/fastq/ERR188/ERR188026/ERR188026_1.fastq.gz	ftp://ftp.sra.ebi.ac.uk/vol1/fastq/ERR188/ERR188026/ERR188026_2.fastq.gz	ERS185219	NA20510.3.M_120202_3	TSI	3
NA20512	ftp://ftp.sra.ebi.ac.uk/vol1/fastq/ERR188/ERR188369/ERR188369_1.fastq.gz	ftp://ftp.sra.ebi.ac.uk/vol1/fastq/ERR188/ERR188369/ERR188369_2.fastq.gz	ERS185447	NA20512.6.M_120119_6	TSI	6
NA20513	ftp://ftp.sra.ebi.ac.uk/vol1/fastq/ERR188/ERR188160/ERR188160_1.fastq.gz	ftp://ftp.sra.ebi.ac.uk/vol1/fastq/ERR188/ERR188160/ERR188160_2.fastq.gz	ERS185226	NA20513.4.M_120208_1	TSI	4
NA20514	ftp://ftp.sra.ebi.ac.uk/vol1/fastq/ERR188/ERR188356/ERR188356_1.fastq.gz	ftp://ftp.sra.ebi.ac.uk/vol1/fastq/ERR188/ERR188356/ERR188356_2.fastq.gz	ERS185217	NA20514.1.M_111124_4	TSI	1
NA20515	ftp://ftp.sra.ebi.ac.uk/vol1/fastq/ERR188/ERR188452/ERR188452_1.fastq.gz	ftp://ftp.sra.ebi.ac.uk/vol1/fastq/ERR188/ERR188452/ERR188452_2.fastq.gz	ERS185313	NA20515.5.M_120131_1	TSI	5
NA20516	ftp://ftp.sra.ebi.ac.uk/vol1/fastq/ERR188/ERR188458/ERR188458_1.fastq.gz	ftp://ftp.sra.ebi.ac.uk/vol1/fastq/ERR188/ERR188458/ERR188458_2.fastq.gz	ERS185223	NA20516.5.M_120131_3	TSI	5
NA20517	ftp://ftp.sra.ebi.ac.uk/vol1/fastq/ERR188/ERR188357/ERR188357_1.fastq.gz	ftp://ftp.sra.ebi.ac.uk/vol1/fastq/ERR188/ERR188357/ERR188357_2.fastq.gz	ERS185041	NA20517.3.M_120202_8	TSI	3
NA20518	ftp://ftp.sra.ebi.ac.uk/vol1/fastq/ERR188/ERR188050/ERR188050_1.fastq.gz	ftp://ftp.sra.ebi.ac.uk/vol1/fastq/ERR188/ERR188050/ERR188050_2.fastq.gz	ERS185188	NA20518.4.M_120208_3	TSI	4
NA20519	ftp://ftp.sra.ebi.ac.uk/vol1/fastq/ERR188/ERR188145/ERR188145_1.fastq.gz	ftp://ftp.sra.ebi.ac.uk/vol1/fastq/ERR188/ERR188145/ERR188145_2.fastq.gz	ERS185167	NA20519.1.M_111124_5	TSI	1
NA20520	ftp://ftp.sra.ebi.ac.uk/vol1/fastq/ERR188/ERR188239/ERR188239_1.fastq.gz	ftp://ftp.sra.ebi.ac.uk/vol1/fastq/ERR188/ERR188239/ERR188239_2.fastq.gz	ERS185320	NA20520.3.M_120202_2	TSI	3
NA20521	ftp://ftp.sra.ebi.ac.uk/vol1/fastq/ERR188/ERR188386/ERR188386_1.fastq.gz	ftp://ftp.sra.ebi.ac.uk/vol1/fastq/ERR188/ERR188386/ERR188386_2.fastq.gz	ERS185296	NA20521.7.M_120219_7	TSI	7
NA20524	ftp://ftp.sra.ebi.ac.uk/vol1/fastq/ERR188/ERR188204/ERR188204_1.fastq.gz	ftp://ftp.sra.ebi.ac.uk/vol1/fastq/ERR188/ERR188204/ERR188204_2.fastq.gz	ERS185498	NA20524.2.M_111215_8	TSI	2
NA20525	ftp://ftp.sra.ebi.ac.uk/vol1/fastq/ERR188/ERR188347/ERR188347_1.fastq.gz	ftp://ftp.sra.ebi.ac.uk/vol1/fastq/ERR188/ERR188347/ERR188347_2.fastq.gz	ERS185212	NA20525.1.M_111124_1	TSI	1
NA20527	ftp://ftp.sra.ebi.ac.uk/vol1/fastq/ERR188/ERR188317/ERR188317_1.fastq.gz	ftp://ftp.sra.ebi.ac.uk/vol1/fastq/ERR188/ERR188317/ERR188317_2.fastq.gz	ERS185082	NA20527.2.M_111215_7	TSI	2
NA20528	ftp://ftp.sra.ebi.ac.uk/vol1/fastq/ERR188/ERR188224/ERR188224_1.fastq.gz	ftp://ftp.sra.ebi.ac.uk/vol1/fastq/ERR188/ERR188224/ERR188224_2.fastq.gz	ERS185137	NA20528.2.M_120131_1	TSI	2
NA20529	ftp://ftp.sra.ebi.ac.uk/vol1/fastq/ERR188/ERR188453/ERR188453_1.fastq.gz	ftp://ftp.sra.ebi.ac.uk/vol1/fastq/ERR188/ERR188453/ERR188453_2.fastq.gz	ERS185422	NA20529.2.M_111215_6	TSI	2
NA20530	ftp://ftp.sra.ebi.ac.uk/vol1/fastq/ERR188/ERR188258/ERR188258_1.fastq.gz	ftp://ftp.sra.ebi.ac.uk/vol1/fastq/ERR188/ERR188258/ERR188258_2.fastq.gz	ERS185442	NA20530.2.M_111215_6	TSI	2
NA20531	ftp://ftp.sra.ebi.ac.uk/vol1/fastq/ERR188/ERR188399/ERR188399_1.fastq.gz	ftp://ftp.sra.ebi.ac.uk/vol1/fastq/ERR188/ERR188399/ERR188399_2.fastq.gz	ERS185159	NA20531.4.M_120208_1	TSI	4
NA20532	ftp://ftp.sra.ebi.ac.uk/vol1/fastq/ERR188/ERR188226/ERR188226_1.fastq.gz	ftp://ftp.sra.ebi.ac.uk/vol1/fastq/ERR188/ERR188226/ERR188226_2.fastq.gz	ERS185081	NA20532.3.M_120202_7	TSI	3
NA20534	ftp://ftp.sra.ebi.ac.uk/vol1/fastq/ERR188/ERR188114/ERR188114_1.fastq.gz	ftp://ftp.sra.ebi.ac.uk/vol1/fastq/ERR188/ERR188114/ERR188114_2.fastq.gz	ERS185144	NA20534.2.M_111215_8	TSI	2
NA20535	ftp://ftp.sra.ebi.ac.uk/vol1/fastq/ERR188/ERR188398/ERR188398_1.fastq.gz	ftp://ftp.sra.ebi.ac.uk/vol1/fastq/ERR188/ERR188398/ERR188398_2.fastq.gz	ERS185022	NA20535.3.M_120202_2	TSI	3
NA20536	ftp://ftp.sra.ebi.ac.uk/vol1/fastq/ERR188/ERR188382/ERR188382_1.fastq.gz	ftp://ftp.sra.ebi.ac.uk/vol1/fastq/ERR188/ERR188382/ERR188382_2.fastq.gz	ERS185156	NA20536.1.M_111124_1	TSI	1
NA20537	ftp://ftp.sra.ebi.ac.uk/vol1/fastq/ERR188/ERR188359/ERR188359_1.fastq.gz	ftp://ftp.sra.ebi.ac.uk/vol1/fastq/ERR188/ERR188359/ERR188359_2.fastq.gz	ERS185290	NA20537.3.M_120202_8	TSI	3
NA20538	ftp://ftp.sra.ebi.ac.uk/vol1/fastq/ERR188/ERR188208/ERR188208_1.fastq.gz	ftp://ftp.sra.ebi.ac.uk/vol1/fastq/ERR188/ERR188208/ERR188208_2.fastq.gz	ERS185116	NA20538.3.M_120202_6	TSI	3
NA20539	ftp://ftp.sra.ebi.ac.uk/vol1/fastq/ERR188/ERR188138/ERR188138_1.fastq.gz	ftp://ftp.sra.ebi.ac.uk/vol1/fastq/ERR188/ERR188138/ERR188138_2.fastq.gz	ERS185287	NA20539.4.M_120208_5	TSI	4
NA20540	ftp://ftp.sra.ebi.ac.uk/vol1/fastq/ERR188/ERR188436/ERR188436_1.fastq.gz	ftp://ftp.sra.ebi.ac.uk/vol1/fastq/ERR188/ERR188436/ERR188436_2.fastq.gz	ERS185349	NA20540.1.M_111124_2	TSI	1
NA20541	ftp://ftp.sra.ebi.ac.uk/vol1/fastq/ERR188/ERR188052/ERR188052_1.fastq.gz	ftp://ftp.sra.ebi.ac.uk/vol1/fastq/ERR188/ERR188052/ERR188052_2.fastq.gz	ERS185125	NA20541.1.M_111124_4	TSI	1
NA20542	ftp://ftp.sra.ebi.ac.uk/vol1/fastq/ERR188/ERR188203/ERR188203_1.fastq.gz	ftp://ftp.sra.ebi.ac.uk/vol1/fastq/ERR188/ERR188203/ERR188203_2.fastq.gz	ERS185318	NA20542.7.M_120219_2	TSI	7
NA20543	ftp://ftp.sra.ebi.ac.uk/vol1/fastq/ERR188/ERR188334/ERR188334_1.fastq.gz	ftp://ftp.sra.ebi.ac.uk/vol1/fastq/ERR188/ERR188334/ERR188334_2.fastq.gz	ERS185134	NA20543.2.M_111215_5	TSI	2
NA20544	ftp://ftp.sra.ebi.ac.uk/vol1/fastq/ERR188/ERR188252/ERR188252_1.fastq.gz	ftp://ftp.sra.ebi.ac.uk/vol1/fastq/ERR188/ERR188252/ERR188252_2.fastq.gz	ERS185499	NA20544.4.M_120208_5	TSI	4
NA20581	ftp://ftp.sra.ebi.ac.uk/vol1/fastq/ERR188/ERR188402/ERR188402_1.fastq.gz	ftp://ftp.sra.ebi.ac.uk/vol1/fastq/ERR188/ERR188402/ERR188402_2.fastq.gz	ERS185181	NA20581.1.M_111124_4	TSI	1
NA20582	ftp://ftp.sra.ebi.ac.uk/vol1/fastq/ERR188/ERR188259/ERR188259_1.fastq.gz	ftp://ftp.sra.ebi.ac.uk/vol1/fastq/ERR188/ERR188259/ERR188259_2.fastq.gz	ERS185380	NA20582.4.M_120208_2	TSI	4
NA20585	ftp://ftp.sra.ebi.ac.uk/vol1/fastq/ERR188/ERR188199/ERR188199_1.fastq.gz	ftp://ftp.sra.ebi.ac.uk/vol1/fastq/ERR188/ERR188199/ERR188199_2.fastq.gz	ERS185231	NA20585.3.M_120202_6	TSI	3
NA20586	ftp://ftp.sra.ebi.ac.uk/vol1/fastq/ERR188/ERR188353/ERR188353_1.fastq.gz	ftp://ftp.sra.ebi.ac.uk/vol1/fastq/ERR188/ERR188353/ERR188353_2.fastq.gz	ERS185426	NA20586.2.M_111215_7	TSI	2
NA20588	ftp://ftp.sra.ebi.ac.uk/vol1/fastq/ERR188/ERR188201/ERR188201_1.fastq.gz	ftp://ftp.sra.ebi.ac.uk/vol1/fastq/ERR188/ERR188201/ERR188201_2.fastq.gz	ERS185071	NA20588.5.M_120131_5	TSI	5
NA20589	ftp://ftp.sra.ebi.ac.uk/vol1/fastq/ERR188/ERR188343/ERR188343_1.fastq.gz	ftp://ftp.sra.ebi.ac.uk/vol1/fastq/ERR188/ERR188343/ERR188343_2.fastq.gz	ERS185057	NA20589.1.M_111124_3	TSI	1
NA20752	ftp://ftp.sra.ebi.ac.uk/vol1/fastq/ERR188/ERR188054/ERR188054_1.fastq.gz	ftp://ftp.sra.ebi.ac.uk/vol1/fastq/ERR188/ERR188054/ERR188054_2.fastq.gz	ERS185367	NA20752.5.M_120131_7	TSI	5
NA20754	ftp://ftp.sra.ebi.ac.uk/vol1/fastq/ERR188/ERR188108/ERR188108_1.fastq.gz	ftp://ftp.sra.ebi.ac.uk/vol1/fastq/ERR188/ERR188108/ERR188108_2.fastq.gz	ERS185289	NA20754.4.M_120208_1	TSI	4
NA20756	ftp://ftp.sra.ebi.ac.uk/vol1/fastq/ERR188/ERR188251/ERR188251_1.fastq.gz	ftp://ftp.sra.ebi.ac.uk/vol1/fastq/ERR188/ERR188251/ERR188251_2.fastq.gz	ERS185407	NA20756.2.M_111216_6	TSI	2
NA20757	ftp://ftp.sra.ebi.ac.uk/vol1/fastq/ERR188/ERR188295/ERR188295_1.fastq.gz	ftp://ftp.sra.ebi.ac.uk/vol1/fastq/ERR188/ERR188295/ERR188295_2.fastq.gz	ERS185169	NA20757.1.M_111124_1	TSI	1
NA20758	ftp://ftp.sra.ebi.ac.uk/vol1/fastq/ERR188/ERR188276/ERR188276_1.fastq.gz	ftp://ftp.sra.ebi.ac.uk/vol1/fastq/ERR188/ERR188276/ERR188276_2.fastq.gz	ERS185342	NA20758.2.M_111215_8	TSI	2
NA20759	ftp://ftp.sra.ebi.ac.uk/vol1/fastq/ERR188/ERR188068/ERR188068_1.fastq.gz	ftp://ftp.sra.ebi.ac.uk/vol1/fastq/ERR188/ERR188068/ERR188068_2.fastq.gz	ERS185190	NA20759.4.M_120208_3	TSI	4
NA20760	ftp://ftp.sra.ebi.ac.uk/vol1/fastq/ERR188/ERR188110/ERR188110_1.fastq.gz	ftp://ftp.sra.ebi.ac.uk/vol1/fastq/ERR188/ERR188110/ERR188110_2.fastq.gz	ERS185023	NA20760.3.M_120202_5	TSI	3
NA20761	ftp://ftp.sra.ebi.ac.uk/vol1/fastq/ERR188/ERR188479/ERR188479_1.fastq.gz	ftp://ftp.sra.ebi.ac.uk/vol1/fastq/ERR188/ERR188479/ERR188479_2.fastq.gz	ERS185420	NA20761.1.M_111124_7	TSI	1
NA20765	ftp://ftp.sra.ebi.ac.uk/vol1/fastq/ERR188/ERR188153/ERR188153_1.fastq.gz	ftp://ftp.sra.ebi.ac.uk/vol1/fastq/ERR188/ERR188153/ERR188153_2.fastq.gz	ERS185306	NA20765.2.M_111215_5	TSI	2
NA20766	ftp://ftp.sra.ebi.ac.uk/vol1/fastq/ERR188/ERR188126/ERR188126_1.fastq.gz	ftp://ftp.sra.ebi.ac.uk/vol1/fastq/ERR188/ERR188126/ERR188126_2.fastq.gz	ERS185120	NA20766.1.M_111124_4	TSI	1
NA20768	ftp://ftp.sra.ebi.ac.uk/vol1/fastq/ERR188/ERR188105/ERR188105_1.fastq.gz	ftp://ftp.sra.ebi.ac.uk/vol1/fastq/ERR188/ERR188105/ERR188105_2.fastq.gz	ERS185227	NA20768.5.M_120131_1	TSI	5
NA20769	ftp://ftp.sra.ebi.ac.uk/vol1/fastq/ERR188/ERR188381/ERR188381_1.fastq.gz	ftp://ftp.sra.ebi.ac.uk/vol1/fastq/ERR188/ERR188381/ERR188381_2.fastq.gz	ERS185077	NA20769.6.M_120119_5	TSI	6
NA20770	ftp://ftp.sra.ebi.ac.uk/vol1/fastq/ERR188/ERR188191/ERR188191_1.fastq.gz	ftp://ftp.sra.ebi.ac.uk/vol1/fastq/ERR188/ERR188191/ERR188191_2.fastq.gz	ERS185050	NA20770.3.M_120202_1	TSI	3
NA20771	ftp://ftp.sra.ebi.ac.uk/vol1/fastq/ERR188/ERR188345/ERR188345_1.fastq.gz	ftp://ftp.sra.ebi.ac.uk/vol1/fastq/ERR188/ERR188345/ERR188345_2.fastq.gz	ERS185108	NA20771.2.M_111215_7	TSI	2
NA20772	ftp://ftp.sra.ebi.ac.uk/vol1/fastq/ERR188/ERR188393/ERR188393_1.fastq.gz	ftp://ftp.sra.ebi.ac.uk/vol1/fastq/ERR188/ERR188393/ERR188393_2.fastq.gz	ERS185195	NA20772.3.M_120223_6	TSI	3
NA20773	ftp://ftp.sra.ebi.ac.uk/vol1/fastq/ERR188/ERR188305/ERR188305_1.fastq.gz	ftp://ftp.sra.ebi.ac.uk/vol1/fastq/ERR188/ERR188305/ERR188305_2.fastq.gz	ERS185455	NA20773.6.M_120119_4	TSI	6
NA20774	ftp://ftp.sra.ebi.ac.uk/vol1/fastq/ERR188/ERR188179/ERR188179_1.fastq.gz	ftp://ftp.sra.ebi.ac.uk/vol1/fastq/ERR188/ERR188179/ERR188179_2.fastq.gz	ERS185121	NA20774.7.M_120219_1	TSI	7
NA20778	ftp://ftp.sra.ebi.ac.uk/vol1/fastq/ERR188/ERR188079/ERR188079_1.fastq.gz	ftp://ftp.sra.ebi.ac.uk/vol1/fastq/ERR188/ERR188079/ERR188079_2.fastq.gz	ERS185161	NA20778.4.M_120208_1	TSI	4
NA20783	ftp://ftp.sra.ebi.ac.uk/vol1/fastq/ERR188/ERR188171/ERR188171_1.fastq.gz	ftp://ftp.sra.ebi.ac.uk/vol1/fastq/ERR188/ERR188171/ERR188171_2.fastq.gz	ERS185133	NA20783.4.M_120208_6	TSI	4
NA20785	ftp://ftp.sra.ebi.ac.uk/vol1/fastq/ERR188/ERR188173/ERR188173_1.fastq.gz	ftp://ftp.sra.ebi.ac.uk/vol1/fastq/ERR188/ERR188173/ERR188173_2.fastq.gz	ERS185317	NA20785.4.M_120208_1	TSI	4
NA20786	ftp://ftp.sra.ebi.ac.uk/vol1/fastq/ERR188/ERR188192/ERR188192_1.fastq.gz	ftp://ftp.sra.ebi.ac.uk/vol1/fastq/ERR188/ERR188192/ERR188192_2.fastq.gz	ERS185069	NA20786.2.M_111215_8	TSI	2
NA20787	ftp://ftp.sra.ebi.ac.uk/vol1/fastq/ERR188/ERR188360/ERR188360_1.fastq.gz	ftp://ftp.sra.ebi.ac.uk/vol1/fastq/ERR188/ERR188360/ERR188360_2.fastq.gz	ERS185095	NA20787.6.M_120119_3	TSI	6
NA20790	ftp://ftp.sra.ebi.ac.uk/vol1/fastq/ERR188/ERR188155/ERR188155_1.fastq.gz	ftp://ftp.sra.ebi.ac.uk/vol1/fastq/ERR188/ERR188155/ERR188155_2.fastq.gz	ERS185378	NA20790.2.M_111215_6	TSI	2
NA20792	ftp://ftp.sra.ebi.ac.uk/vol1/fastq/ERR188/ERR188195/ERR188195_1.fastq.gz	ftp://ftp.sra.ebi.ac.uk/vol1/fastq/ERR188/ERR188195/ERR188195_2.fastq.gz	ERS185307	NA20792.6.M_120119_6	TSI	6
NA20795	ftp://ftp.sra.ebi.ac.uk/vol1/fastq/ERR188/ERR188384/ERR188384_1.fastq.gz	ftp://ftp.sra.ebi.ac.uk/vol1/fastq/ERR188/ERR188384/ERR188384_2.fastq.gz	ERS185030	NA20795.5.M_120131_1	TSI	5
NA20796	ftp://ftp.sra.ebi.ac.uk/vol1/fastq/ERR188/ERR188316/ERR188316_1.fastq.gz	ftp://ftp.sra.ebi.ac.uk/vol1/fastq/ERR188/ERR188316/ERR188316_2.fastq.gz	ERS185421	NA20796.1.M_120209_2	TSI	1
NA20797	ftp://ftp.sra.ebi.ac.uk/vol1/fastq/ERR188/ERR188132/ERR188132_1.fastq.gz	ftp://ftp.sra.ebi.ac.uk/vol1/fastq/ERR188/ERR188132/ERR188132_2.fastq.gz	ERS185263	NA20797.2.M_111215_6	TSI	2
NA20798	ftp://ftp.sra.ebi.ac.uk/vol1/fastq/ERR188/ERR188335/ERR188335_1.fastq.gz	ftp://ftp.sra.ebi.ac.uk/vol1/fastq/ERR188/ERR188335/ERR188335_2.fastq.gz	ERS185388	NA20798.6.M_120119_6	TSI	6
NA20799	ftp://ftp.sra.ebi.ac.uk/vol1/fastq/ERR188/ERR188405/ERR188405_1.fastq.gz	ftp://ftp.sra.ebi.ac.uk/vol1/fastq/ERR188/ERR188405/ERR188405_2.fastq.gz	ERS185178	NA20799.1.M_111124_3	TSI	1
NA20800	ftp://ftp.sra.ebi.ac.uk/vol1/fastq/ERR188/ERR188419/ERR188419_1.fastq.gz	ftp://ftp.sra.ebi.ac.uk/vol1/fastq/ERR188/ERR188419/ERR188419_2.fastq.gz	ERS185278	NA20800.1.M_111124_5	TSI	1
NA20801	ftp://ftp.sra.ebi.ac.uk/vol1/fastq/ERR188/ERR188281/ERR188281_1.fastq.gz	ftp://ftp.sra.ebi.ac.uk/vol1/fastq/ERR188/ERR188281/ERR188281_2.fastq.gz	ERS185233	NA20801.7.M_120219_5	TSI	7
NA20802	ftp://ftp.sra.ebi.ac.uk/vol1/fastq/ERR188/ERR188249/ERR188249_1.fastq.gz	ftp://ftp.sra.ebi.ac.uk/vol1/fastq/ERR188/ERR188249/ERR188249_2.fastq.gz	ERS185246	NA20802.1.M_111124_7	TSI	1
NA20803	ftp://ftp.sra.ebi.ac.uk/vol1/fastq/ERR188/ERR188437/ERR188437_1.fastq.gz	ftp://ftp.sra.ebi.ac.uk/vol1/fastq/ERR188/ERR188437/ERR188437_2.fastq.gz	ERS185224	NA20803.7.M_120219_1	TSI	7
NA20804	ftp://ftp.sra.ebi.ac.uk/vol1/fastq/ERR188/ERR188147/ERR188147_1.fastq.gz	ftp://ftp.sra.ebi.ac.uk/vol1/fastq/ERR188/ERR188147/ERR188147_2.fastq.gz	ERS185132	NA20804.4.M_120208_1	TSI	4
NA20805	ftp://ftp.sra.ebi.ac.uk/vol1/fastq/ERR188/ERR188286/ERR188286_1.fastq.gz	ftp://ftp.sra.ebi.ac.uk/vol1/fastq/ERR188/ERR188286/ERR188286_2.fastq.gz	ERS185113	NA20805.4.M_120208_7	TSI	4
NA20806	ftp://ftp.sra.ebi.ac.uk/vol1/fastq/ERR188/ERR188094/ERR188094_1.fastq.gz	ftp://ftp.sra.ebi.ac.uk/vol1/fastq/ERR188/ERR188094/ERR188094_2.fastq.gz	ERS185112	NA20806.3.M_120202_5	TSI	3
NA20807	ftp://ftp.sra.ebi.ac.uk/vol1/fastq/ERR188/ERR188372/ERR188372_1.fastq.gz	ftp://ftp.sra.ebi.ac.uk/vol1/fastq/ERR188/ERR188372/ERR188372_2.fastq.gz	ERS185341	NA20807.5.M_120131_1	TSI	5
NA20808	ftp://ftp.sra.ebi.ac.uk/vol1/fastq/ERR188/ERR188253/ERR188253_1.fastq.gz	ftp://ftp.sra.ebi.ac.uk/vol1/fastq/ERR188/ERR188253/ERR188253_2.fastq.gz	ERS185024	NA20808.4.M_120208_6	TSI	4
NA20809	ftp://ftp.sra.ebi.ac.uk/vol1/fastq/ERR188/ERR188282/ERR188282_1.fastq.gz	ftp://ftp.sra.ebi.ac.uk/vol1/fastq/ERR188/ERR188282/ERR188282_2.fastq.gz	ERS185186	NA20809.6.M_120119_2	TSI	6
NA20810	ftp://ftp.sra.ebi.ac.uk/vol1/fastq/ERR188/ERR188408/ERR188408_1.fastq.gz	ftp://ftp.sra.ebi.ac.uk/vol1/fastq/ERR188/ERR188408/ERR188408_2.fastq.gz	ERS185427	NA20810.2.M_111215_7	TSI	2
NA20811	ftp://ftp.sra.ebi.ac.uk/vol1/fastq/ERR188/ERR188290/ERR188290_1.fastq.gz	ftp://ftp.sra.ebi.ac.uk/vol1/fastq/ERR188/ERR188290/ERR188290_2.fastq.gz	ERS185216	NA20811.1.M_111124_5	TSI	1
NA20812	ftp://ftp.sra.ebi.ac.uk/vol1/fastq/ERR188/ERR188137/ERR188137_1.fastq.gz	ftp://ftp.sra.ebi.ac.uk/vol1/fastq/ERR188/ERR188137/ERR188137_2.fastq.gz	ERS185450	NA20812.2.M_111216_6	TSI	2
NA20813	ftp://ftp.sra.ebi.ac.uk/vol1/fastq/ERR188/ERR188394/ERR188394_1.fastq.gz	ftp://ftp.sra.ebi.ac.uk/vol1/fastq/ERR188/ERR188394/ERR188394_2.fastq.gz	ERS185500	NA20813.5.M_120131_1	TSI	5
NA20814	ftp://ftp.sra.ebi.ac.uk/vol1/fastq/ERR188/ERR188265/ERR188265_1.fastq.gz	ftp://ftp.sra.ebi.ac.uk/vol1/fastq/ERR188/ERR188265/ERR188265_2.fastq.gz	ERS185127	NA20814.2.M_111215_6	TSI	2
NA20815	ftp://ftp.sra.ebi.ac.uk/vol1/fastq/ERR188/ERR188475/ERR188475_1.fastq.gz	ftp://ftp.sra.ebi.ac.uk/vol1/fastq/ERR188/ERR188475/ERR188475_2.fastq.gz	ERS185332	NA20815.5.M_120131_5	TSI	5
NA20816	ftp://ftp.sra.ebi.ac.uk/vol1/fastq/ERR188/ERR188210/ERR188210_1.fastq.gz	ftp://ftp.sra.ebi.ac.uk/vol1/fastq/ERR188/ERR188210/ERR188210_2.fastq.gz	ERS185164	NA20816.3.M_120202_7	TSI	3
NA20819	ftp://ftp.sra.ebi.ac.uk/vol1/fastq/ERR188/ERR188424/ERR188424_1.fastq.gz	ftp://ftp.sra.ebi.ac.uk/vol1/fastq/ERR188/ERR188424/ERR188424_2.fastq.gz	ERS185339	NA20819.3.M_120202_2	TSI	3
NA20826	ftp://ftp.sra.ebi.ac.uk/vol1/fastq/ERR188/ERR188125/ERR188125_1.fastq.gz	ftp://ftp.sra.ebi.ac.uk/vol1/fastq/ERR188/ERR188125/ERR188125_2.fastq.gz	ERS185259	NA20826.1.M_111124_1	TSI	1
NA20828	ftp://ftp.sra.ebi.ac.uk/vol1/fastq/ERR188/ERR188406/ERR188406_1.fastq.gz	ftp://ftp.sra.ebi.ac.uk/vol1/fastq/ERR188/ERR188406/ERR188406_2.fastq.gz	ERS185459	NA20828.2.M_111216_8	TSI	2
